,Unnamed: 0,Bigram,Frequency,Label,Bigram-1,Bigram-2
0,0,"('o', 'r')",1037,0,111,114
1,1,"('r', 'g')",967,0,114,103
2,2,"('.', 'o')",947,0,46,111
3,3,"('m', 'a')",942,0,109,97
4,4,"('g', ' ')",873,0,103,32
5,5,"('l', '.')",849,0,108,46
6,6,"('a', '.')",790,0,97,46
7,7,"('.', 's')",779,0,46,115
8,8,"('l', 'a')",762,0,108,97
9,9,"(' ', 'd')",722,0,32,100
10,10,"('a', 's')",713,0,97,115
11,11,"('s', 'l')",702,0,115,108
12,12,"('d', 'o')",697,0,100,111
13,13,"('.', 'c')",695,0,46,99
14,14,"('o', 'm')",682,0,111,109
15,15,"('o', 'g')",673,0,111,103
16,16,"('s', 'h')",662,0,115,104
17,17,"('u', 'l')",660,0,117,108
18,18,"('n', 'u')",659,0,110,117
19,19,"('h', 'n')",656,0,104,110
20,20,"('l', 'l')",652,0,108,108
21,21,"('g', 'm')",649,0,103,109
22,22,"('c', 'o')",640,0,99,111
23,23,"('m', ' ')",589,0,109,32
24,24,"('n', 'e')",486,0,110,101
25,25,"('e', 't')",457,0,101,116
26,26,"('t', ' ')",410,0,116,32
27,27,"('.', 'n')",406,0,46,110
28,28,"('e', '.')",301,0,101,46
29,29,"('s', '.')",295,0,115,46
30,30,"('e', 'r')",271,0,101,114
31,31,"('a', 'l')",227,0,97,108
32,32,"('n', '.')",214,0,110,46
33,33,"(' ', 'm')",200,0,32,109
34,34,"(' ', 'c')",195,0,32,99
35,35,"('c', 'a')",194,0,99,97
36,36,"('t', 'e')",194,0,116,101
37,37,"('i', 'n')",185,0,105,110
38,38,"('t', '.')",183,0,116,46
39,39,"('a', 'n')",180,0,97,110
40,40,"('h', 'o')",178,0,104,111
41,41,"('i', 'l')",174,0,105,108
42,42,"('o', 's')",172,0,111,115
43,43,"('r', 'a')",171,0,114,97
44,44,"('a', 'r')",158,0,97,114
45,45,"('s', 't')",152,0,115,116
46,46,"('a', 'i')",151,0,97,105
47,47,"('e', 'd')",148,0,101,100
48,48,"(' ', 'b')",148,0,32,98
49,49,"('9', '.')",145,0,57,46
50,50,"('e', 'n')",143,0,101,110
51,51,"('l', 'o')",139,0,108,111
52,52,"('c', 'h')",137,0,99,104
53,53,"('o', 't')",133,0,111,116
54,54,"('k', '.')",133,0,107,46
55,55,"('o', 'n')",132,0,111,110
56,56,"('r', 'e')",128,0,114,101
57,57,"('a', 't')",126,0,97,116
58,58,"(' ', 'e')",125,0,32,101
59,59,"('g', 'e')",125,0,103,101
60,60,"(' ', 'p')",122,0,32,112
61,61,"('d', 'n')",120,0,100,110
62,62,"('.', 'e')",116,0,46,101
63,63,"('d', 'e')",116,0,100,101
64,64,"('n', 'k')",114,0,110,107
65,65,"('d', 'u')",113,0,100,117
66,66,"('h', 'e')",113,0,104,101
67,67,"('a', 'm')",111,0,97,109
68,68,"('r', 'o')",109,0,114,111
69,69,"('a', 'c')",107,0,97,99
70,70,"('.', 'l')",104,0,46,108
71,71,"('e', 's')",103,0,101,115
72,72,"(' ', 'h')",103,0,32,104
73,73,"('n', 'd')",102,0,110,100
74,74,"('r', 'i')",101,0,114,105
75,75,"('c', 'k')",100,0,99,107
76,76,"('n', 'a')",99,0,110,97
77,77,"('o', 'c')",98,0,111,99
78,78,"('e', 'c')",98,0,101,99
79,79,"('c', '.')",98,0,99,46
80,80,"('y', '.')",97,0,121,46
81,81,"('u', ' ')",96,0,117,32
82,82,"(' ', 'w')",96,0,32,119
83,83,"('s', 'e')",95,0,115,101
84,84,"('l', 'e')",94,0,108,101
85,85,"('o', '.')",94,0,111,46
86,86,"('p', 'e')",93,0,112,101
87,87,"('.', 'd')",93,0,46,100
88,88,"(' ', 'l')",92,0,32,108
89,89,"('t', 'i')",91,0,116,105
90,90,"('d', 'y')",90,0,100,121
91,91,"('m', 'i')",89,0,109,105
92,92,"('p', 'u')",88,0,112,117
93,93,"('i', 't')",85,0,105,116
94,94,"('m', 'e')",85,0,109,101
95,95,"('r', '.')",83,0,114,46
96,96,"(' ', 'a')",82,0,32,97
97,97,"('c', 's')",81,0,99,115
98,98,"('n', 's')",81,0,110,115
99,99,"('s', 'o')",81,0,115,111
100,100,"('4', '9')",80,0,52,57
101,101,"('e', 'l')",78,0,101,108
102,102,"('p', 'a')",78,0,112,97
103,103,"('e', 'g')",78,0,101,103
104,104,"('e', 'e')",77,0,101,101
105,105,"('u', 'm')",76,0,117,109
106,106,"('o', 'l')",75,0,111,108
107,107,"('x', '.')",75,0,120,46
108,108,"('b', 'e')",74,0,98,101
109,109,"('n', 't')",74,0,110,116
110,110,"('.', '1')",72,0,46,49
111,111,"('n', ' ')",71,0,110,32
112,112,"('.', 'm')",70,0,46,109
113,113,"('t', 'h')",68,0,116,104
114,114,"('b', 'o')",67,0,98,111
115,115,"('t', 'm')",67,0,116,109
116,116,"('i', '.')",65,0,105,46
117,117,"('l', 'u')",65,0,108,117
118,118,"('m', '.')",65,0,109,46
119,119,"('g', 'o')",65,0,103,111
120,120,"('c', 'r')",64,0,99,114
121,121,"('i', 'r')",64,0,105,114
122,122,"('i', 'e')",64,0,105,101
123,123,"('k', 'e')",63,0,107,101
124,124,"(' ', 'r')",63,0,32,114
125,125,"('.', 'b')",61,0,46,98
126,126,"('y', 'n')",61,0,121,110
127,127,"('l', 'i')",61,0,108,105
128,128,"('n', 'i')",60,0,110,105
129,129,"('d', '.')",60,0,100,46
130,130,"(' ', '[')",59,0,32,91
131,131,"(']', ' ')",59,0,93,32
132,132,"('.', 'p')",59,0,46,112
133,133,"('e', 'x')",59,0,101,120
134,134,"('i', 's')",59,0,105,115
135,135,"('c', 'p')",59,0,99,112
136,136,"('l', 'h')",58,0,108,104
137,137,"('m', 'p')",58,0,109,112
138,138,"('f', 'o')",58,0,102,111
139,139,"('e', ' ')",57,0,101,32
140,140,"('a', 'y')",57,0,97,121
141,141,"(' ', 'i')",56,0,32,105
142,142,"('r', 'c')",56,0,114,99
143,143,"('.', 'h')",56,0,46,104
144,144,"('u', 'g')",56,0,117,103
145,145,"('.', 'u')",56,0,46,117
146,146,"('u', '5')",56,0,117,53
147,147,"('5', '9')",56,0,53,57
148,148,"('s', 'd')",56,0,115,100
149,149,"('u', 'n')",55,0,117,110
150,150,"('w', 'a')",55,0,119,97
151,151,"('r', 's')",55,0,114,115
152,152,"('.', 'i')",55,0,46,105
153,153,"('b', 'a')",55,0,98,97
154,154,"('t', 'o')",55,0,116,111
155,155,"(' ', 's')",54,0,32,115
156,156,"('h', '.')",53,0,104,46
157,157,"('s', 'c')",53,0,115,99
158,158,"('y', 'a')",53,0,121,97
159,159,"('v', 'i')",52,0,118,105
160,160,"('c', 'i')",52,0,99,105
161,161,"('i', 'u')",52,0,105,117
162,162,"('f', 'r')",51,0,102,114
163,163,"('s', 'i')",51,0,115,105
164,164,"('p', 'r')",51,0,112,114
165,165,"('u', '.')",51,0,117,46
166,166,"('l', 'd')",51,0,108,100
167,167,"('.', 'a')",51,0,46,97
168,168,"('u', 'x')",51,0,117,120
169,169,"('m', 'o')",49,0,109,111
170,170,"('i', 'o')",49,0,105,111
171,171,"('o', 'u')",49,0,111,117
172,172,"('.', 't')",49,0,46,116
173,173,"('u', 's')",48,0,117,115
174,174,"('p', 'h')",47,0,112,104
175,175,"('m', 'f')",47,0,109,102
176,176,"('r', 'r')",47,0,114,114
177,177,"('e', 'a')",46,0,101,97
178,178,"('a', 'd')",46,0,97,100
179,179,"('e', 'i')",45,0,101,105
180,180,"('.', 'v')",45,0,46,118
181,181,"('w', 'n')",45,0,119,110
182,182,"('a', 'v')",44,0,97,118
183,183,"('d', 'd')",44,0,100,100
184,184,"('s', 'a')",44,0,115,97
185,185,"('d', 'i')",43,0,100,105
186,186,"('e', 'y')",42,0,101,121
187,187,"('l', 't')",42,0,108,116
188,188,"('w', 'w')",42,0,119,119
189,189,"('r', 'p')",42,0,114,112
190,190,"('1', '4')",42,0,49,52
191,191,"('o', 'o')",41,0,111,111
192,192,"('n', 'g')",41,0,110,103
193,193,"('c', 'e')",41,0,99,101
194,194,"('[', '6')",41,0,91,54
195,195,"('n', 'n')",40,0,110,110
196,196,"('r', 'k')",40,0,114,107
197,197,"('s', 'u')",40,0,115,117
198,198,"('p', '.')",40,0,112,46
199,199,"('6', '6')",40,0,54,54
200,200,"('6', '.')",40,0,54,46
201,201,"('.', '4')",40,0,46,52
202,202,"('.', '6')",40,0,46,54
203,203,"('6', ']')",40,0,54,93
204,204,"('h', 'u')",39,0,104,117
205,205,"('o', 'b')",39,0,111,98
206,206,"('u', 'r')",39,0,117,114
207,207,"('t', 's')",39,0,116,115
208,208,"('u', 'c')",38,0,117,99
209,209,"('g', 'h')",37,0,103,104
210,210,"('i', 'c')",37,0,105,99
211,211,"('t', 'a')",37,0,116,97
212,212,"('e', 'p')",36,0,101,112
213,213,"('o', 'd')",36,0,111,100
214,214,"('g', 'w')",36,0,103,119
215,215,"('n', 'o')",35,0,110,111
216,216,"('r', 'n')",35,0,114,110
217,217,"('i', 'm')",35,0,105,109
218,218,"('f', 'a')",35,0,102,97
219,219,"('a', 'g')",35,0,97,103
220,220,"('p', 'm')",35,0,112,109
221,221,"('y', 'd')",35,0,121,100
222,222,"('y', 's')",35,0,121,115
223,223,"(' ', 'g')",34,0,32,103
224,224,"('a', 'f')",34,0,97,102
225,225,"('M', 'H')",34,0,77,72
226,226,"(' ', 't')",34,0,32,116
227,227,"('g', 'a')",34,0,103,97
228,228,"(' ', 'J')",33,0,32,74
229,229,"('J', 'M')",33,0,74,77
230,230,"('H', 'A')",33,0,72,65
231,231,"('A', 'L')",33,0,65,76
232,232,"('L', 'L')",33,0,76,76
233,233,"('L', ' ')",33,0,76,32
234,234,"('d', 'r')",33,0,100,114
235,235,"('t', 'c')",32,0,116,99
236,236,"(' ', 'u')",32,0,32,117
237,237,"(' ', 'k')",32,0,32,107
238,238,"('h', 'y')",32,0,104,121
239,239,"('i', 'a')",31,0,105,97
240,240,"('1', '.')",31,0,49,46
241,241,"('l', 'n')",31,0,108,110
242,242,"('m', 'u')",30,0,109,117
243,243,"('i', 'g')",30,0,105,103
244,244,"('e', 'b')",30,0,101,98
245,245,"('l', 'p')",30,0,108,112
246,246,"('t', 'l')",30,0,116,108
247,247,"('g', 'n')",30,0,103,110
248,248,"('r', 'm')",29,0,114,109
249,249,"('d', 's')",29,0,100,115
250,250,"('d', 'a')",29,0,100,97
251,251,"('l', 'y')",29,0,108,121
252,252,"('s', '-')",29,0,115,45
253,253,"('h', 'm')",29,0,104,109
254,254,"('h', 'r')",28,0,104,114
255,255,"('2', '0')",28,0,50,48
256,256,"('u', 't')",28,0,117,116
257,257,"('b', 'l')",28,0,98,108
258,258,"('a', ' ')",28,0,97,32
259,259,"('w', '.')",28,0,119,46
260,260,"('v', 'e')",28,0,118,101
261,261,"('p', 'l')",28,0,112,108
262,262,"('-', 'f')",28,0,45,102
263,263,"('v', 'a')",27,0,118,97
264,264,"('v', 'o')",27,0,118,111
265,265,"('k', 'a')",27,0,107,97
266,266,"('z', 'o')",27,0,122,111
267,267,"('g', '.')",27,0,103,46
268,268,"('h', 'i')",26,0,104,105
269,269,"('h', ' ')",26,0,104,32
270,270,"('i', 'd')",26,0,105,100
271,271,"('x', 'a')",26,0,120,97
272,272,"('.', 'O')",25,0,46,79
273,273,"('O', 'Z')",25,0,79,90
274,274,"('Z', '.')",25,0,90,46
275,275,"('.', 'A')",25,0,46,65
276,276,"('A', 'U')",25,0,65,85
277,277,"('U', ' ')",25,0,85,32
278,278,"(' ', 'o')",25,0,32,111
279,279,"('2', '.')",25,0,50,46
280,280,"('t', 'r')",25,0,116,114
281,281,"('h', 'a')",25,0,104,97
282,282,"('s', 'p')",25,0,115,112
283,283,"('.', 'r')",25,0,46,114
284,284,"('3', '.')",25,0,51,46
285,285,"('.', 'f')",24,0,46,102
286,286,"('k', 'c')",23,0,107,99
287,287,"('m', 'b')",23,0,109,98
288,288,"('b', '.')",23,0,98,46
289,289,"('r', 'd')",23,0,114,100
290,290,"('k', 'l')",23,0,107,108
291,291,"('b', 'u')",23,0,98,117
292,292,"('.', '2')",22,0,46,50
293,293,"('n', 'c')",22,0,110,99
294,294,"('i', 'v')",22,0,105,118
295,295,"('t', 't')",22,0,116,116
296,296,"('-', 'c')",22,0,45,99
297,297,"('b', 't')",22,0,98,116
298,298,"('o', 'x')",21,0,111,120
299,299,"('r', 'v')",21,0,114,118
300,300,"('i', 'p')",21,0,105,112
301,301,"(' ', 'j')",20,0,32,106
302,302,"('8', '.')",19,0,56,46
303,303,"('g', '-')",19,0,103,45
304,304,"('-', 'p')",19,0,45,112
305,305,"(' ', 'f')",19,0,32,102
306,306,"('o', 'p')",19,0,111,112
307,307,"('m', 'c')",19,0,109,99
308,308,"('r', 'u')",19,0,114,117
309,309,"('s', 'w')",19,0,115,119
310,310,"('p', 's')",19,0,112,115
311,311,"('a', 'b')",18,0,97,98
312,312,"('f', 'i')",18,0,102,105
313,313,"('g', 'r')",18,0,103,114
314,314,"('r', ' ')",18,0,114,32
315,315,"('w', 'h')",17,0,119,104
316,316,"('.', 'w')",17,0,46,119
317,317,"('x', ' ')",17,0,120,32
318,318,"('a', 'k')",17,0,97,107
319,319,"('e', 'f')",17,0,101,102
320,320,"('0', '3')",17,0,48,51
321,321,"('t', 'n')",16,0,116,110
322,322,"('m', 'n')",16,0,109,110
323,323,"('p', 't')",16,0,112,116
324,324,"('w', 'o')",16,0,119,111
325,325,"('u', 'd')",16,0,117,100
326,326,"('w', 'i')",16,0,119,105
327,327,"('l', 's')",16,0,108,115
328,328,"('k', 'i')",16,0,107,105
329,329,"('r', 'h')",16,0,114,104
330,330,"('k', ' ')",16,0,107,32
331,331,"('w', '-')",16,0,119,45
332,332,"('r', '-')",16,0,114,45
333,333,"('c', 'v')",16,0,99,118
334,334,"('v', 's')",16,0,118,115
335,335,"('s', '1')",16,0,115,49
336,336,"('-', 'z')",16,0,45,122
337,337,"('b', 'b')",15,0,98,98
338,338,"('b', 'c')",15,0,98,99
339,339,"('s', 's')",15,0,115,115
340,340,"('1', '0')",15,0,49,48
341,341,"('o', 'f')",14,0,111,102
342,342,"('f', 't')",14,0,102,116
343,343,"('b', 's')",14,0,98,115
344,344,"('b', 'i')",14,0,98,105
345,345,"('o', ' ')",14,0,111,32
346,346,"('w', 's')",14,0,119,115
347,347,"('e', 'w')",14,0,101,119
348,348,"('z', '.')",14,0,122,46
349,349,"('a', 'u')",13,0,97,117
350,350,"('e', 'm')",13,0,101,109
351,351,"('a', 'w')",13,0,97,119
352,352,"('p', 'i')",13,0,112,105
353,353,"('u', 'b')",13,0,117,98
354,354,"('t', 'z')",13,0,116,122
355,355,"('b', 'r')",13,0,98,114
356,356,"('u', 'p')",13,0,117,112
357,357,"('7', '.')",12,0,55,46
358,358,"('t', 'u')",12,0,116,117
359,359,"('1', '2')",12,0,49,50
360,360,"('i', 'b')",12,0,105,98
361,361,"(' ', 'n')",12,0,32,110
362,362,"('n', 'f')",12,0,110,102
363,363,"('u', 'k')",12,0,117,107
364,364,"('a', 'z')",11,0,97,122
365,365,"('k', 's')",11,0,107,115
366,366,"('a', 'h')",11,0,97,104
367,367,"('.', 'k')",11,0,46,107
368,368,"('s', ' ')",11,0,115,32
369,369,"('e', 'u')",11,0,101,117
370,370,"('[', '2')",11,0,91,50
371,371,"('a', 'o')",11,0,97,111
372,372,"('n', 'h')",10,0,110,104
373,373,"('f', '.')",10,0,102,46
374,374,"('v', '.')",10,0,118,46
375,375,"('r', 'l')",10,0,114,108
376,376,"('a', 'p')",10,0,97,112
377,377,"('w', 'e')",10,0,119,101
378,378,"('i', ' ')",10,0,105,32
379,379,"('n', 'y')",10,0,110,121
380,380,"('r', 't')",10,0,114,116
381,381,"('h', 'l')",10,0,104,108
382,382,"('j', 'a')",10,0,106,97
383,383,"('1', ' ')",10,0,49,32
384,384,"(' ', 'v')",10,0,32,118
385,385,"('0', '0')",10,0,48,48
386,386,"('0', '9')",10,0,48,57
387,387,"('z', 'a')",9,0,122,97
388,388,"('l', 'm')",9,0,108,109
389,389,"('n', '1')",9,0,110,49
390,390,"('.', 'y')",9,0,46,121
391,391,"('e', '7')",9,0,101,55
392,392,"('7', 'e')",9,0,55,101
393,393,"('k', 'o')",9,0,107,111
394,394,"('0', '1')",9,0,48,49
395,395,"('o', 'w')",9,0,111,119
396,396,"('s', 'y')",9,0,115,121
397,397,"('b', 'm')",9,0,98,109
398,398,"('q', 'u')",9,0,113,117
399,399,"('0', '.')",9,0,48,46
400,400,"('c', 't')",9,0,99,116
401,401,"('c', 'l')",9,0,99,108
402,402,"('0', '7')",9,0,48,55
403,403,"('.', 'z')",8,0,46,122
404,404,"('p', 'o')",8,0,112,111
405,405,"('i', 'h')",8,0,105,104
406,406,"('a', 'j')",8,0,97,106
407,407,"('o', 'v')",8,0,111,118
408,408,"('u', 'a')",8,0,117,97
409,409,"('r', 'y')",8,0,114,121
410,410,"('f', 'c')",8,0,102,99
411,411,"('0', '2')",8,0,48,50
412,412,"('[', '1')",7,0,91,49
413,413,"('2', '4')",7,0,50,52
414,414,"('g', 'i')",7,0,103,105
415,415,"('l', ' ')",7,0,108,32
416,416,"('o', 'i')",7,0,111,105
417,417,"('x', 'w')",7,0,120,119
418,418,"('n', 'm')",7,0,110,109
419,419,"('c', 'u')",7,0,99,117
420,420,"('D', 'C')",7,0,68,67
421,421,"('1', '7')",7,0,49,55
422,422,"('c', 'x')",7,0,99,120
423,423,"('d', 'p')",7,0,100,112
424,424,"('m', '-')",7,0,109,45
425,425,"('-', 'o')",7,0,45,111
426,426,"('.', 'q')",7,0,46,113
427,427,"('d', 'g')",7,0,100,103
428,428,"('.', 'C')",7,0,46,67
429,429,"('1', '9')",6,0,49,57
430,430,"('4', '8')",6,0,52,56
431,431,"('0', '8')",6,0,48,56
432,432,"('z', 't')",6,0,122,116
433,433,"('h', 't')",6,0,104,116
434,434,"('n', 'b')",6,0,110,98
435,435,"('v', 't')",6,0,118,116
436,436,"('x', 'i')",6,0,120,105
437,437,"('d', '-')",6,0,100,45
438,438,"('8', '0')",6,0,56,48
439,439,"('n', 'z')",6,0,110,122
440,440,"('a', 'e')",6,0,97,101
441,441,"('e', 'h')",6,0,101,104
442,442,"('j', 'i')",6,0,106,105
443,443,"('s', 'r')",6,0,115,114
444,444,"('j', '2')",6,0,106,50
445,445,"('2', 's')",6,0,50,115
446,446,"('n', 'l')",6,0,110,108
447,447,"('u', 'i')",6,0,117,105
448,448,"('i', 'z')",6,0,105,122
449,449,"(' ', 'A')",6,0,32,65
450,450,"('r', 'b')",6,0,114,98
451,451,"('s', 'k')",6,0,115,107
452,452,"('b', '1')",6,0,98,49
453,453,"('7', ']')",6,0,55,93
454,454,"('e', 'G')",6,0,101,71
455,455,"('G', 'r')",6,0,71,114
456,456,"('k', 'r')",6,0,107,114
457,457,"('x', 'm')",6,0,120,109
458,458,"(' ', 'G')",6,0,32,71
459,459,"('G', 'o')",6,0,71,111
460,460,"('C', 'o')",6,0,67,111
461,461,"('1', '1')",5,0,49,49
462,462,"('m', 's')",5,0,109,115
463,463,"('c', 'c')",5,0,99,99
464,464,"('f', 'l')",5,0,102,108
465,465,"('s', 'm')",5,0,115,109
466,466,"('g', 's')",5,0,103,115
467,467,"('g', 'y')",5,0,103,121
468,468,"('y', 't')",5,0,121,116
469,469,"('.', '3')",5,0,46,51
470,470,"('0', ' ')",5,0,48,32
471,471,"('e', 'o')",5,0,101,111
472,472,"('h', 'g')",5,0,104,103
473,473,"('y', ' ')",5,0,121,32
474,474,"('I', 'N')",5,0,73,78
475,475,"('.', '0')",5,0,46,48
476,476,"('g', 't')",5,0,103,116
477,477,"('e', '0')",5,0,101,48
478,478,"('l', 'g')",5,0,108,103
479,479,"('1', '6')",5,0,49,54
480,480,"('f', 'f')",5,0,102,102
481,481,"('k', 'k')",5,0,107,107
482,482,"('1', '3')",5,0,49,51
483,483,"('x', 'c')",5,0,120,99
484,484,"('h', 's')",5,0,104,115
485,485,"('9', '8')",4,0,57,56
486,486,"('1', ']')",4,0,49,93
487,487,"('s', '2')",4,0,115,50
488,488,"('2', '7')",4,0,50,55
489,489,"('c', 'y')",4,0,99,121
490,490,"('y', 'r')",4,0,121,114
491,491,"('d', 'w')",4,0,100,119
492,492,"('e', 'v')",4,0,101,118
493,493,"('f', 's')",4,0,102,115
494,494,"('z', 'r')",4,0,122,114
495,495,"('t', 'w')",4,0,116,119
496,496,"('h', 'p')",4,0,104,112
497,497,"('d', 'b')",4,0,100,98
498,498,"('E', ' ')",4,0,69,32
499,499,"('f', 'e')",4,0,102,101
500,500,"('r', 'q')",4,0,114,113
501,501,"('p', 'f')",4,0,112,102
502,502,"('l', 'f')",4,0,108,102
503,503,"('f', ' ')",4,0,102,32
504,504,"('A', 'M')",4,0,65,77
505,505,"('M', 'D')",4,0,77,68
506,506,"('D', '1')",4,0,68,49
507,507,"('1', '8')",4,0,49,56
508,508,"('5', '.')",4,0,53,46
509,509,"('P', 'D')",4,0,80,68
510,510,"(' ', 'y')",4,0,32,121
511,511,"('E', 'N')",4,0,69,78
512,512,"('n', '-')",4,0,110,45
513,513,"('o', 'e')",4,0,111,101
514,514,"('a', '2')",4,0,97,50
515,515,"('b', 'h')",3,0,98,104
516,516,"('w', 'f')",3,0,119,102
517,517,"('v', 'v')",3,0,118,118
518,518,"('c', 'f')",3,0,99,102
519,519,"('l', 'b')",3,0,108,98
520,520,"('k', 't')",3,0,107,116
521,521,"('d', 't')",3,0,100,116
522,522,"('n', 'x')",3,0,110,120
523,523,"('j', 'e')",3,0,106,101
524,524,"('w', 't')",3,0,119,116
525,525,"('.', 'R')",3,0,46,82
526,526,"('R', 'e')",3,0,82,101
527,527,"('.', 'D')",3,0,46,68
528,528,"('C', 'U')",3,0,67,85
529,529,"('U', '.')",3,0,85,46
530,530,"('.', 'I')",3,0,46,73
531,531,"('I', 'E')",3,0,73,69
532,532,"('i', 'f')",3,0,105,102
533,533,"('p', 'p')",3,0,112,112
534,534,"('i', 'k')",3,0,105,107
535,535,"('c', 'd')",3,0,99,100
536,536,"(' ', 'P')",3,0,32,80
537,537,"('p', ' ')",3,0,112,32
538,538,"('l', 'c')",3,0,108,99
539,539,"('t', 'f')",3,0,116,102
540,540,"(' ', 'D')",3,0,32,68
541,541,"('D', 'W')",3,0,68,87
542,542,"('W', 'M')",3,0,87,77
543,543,"('M', '1')",3,0,77,49
544,544,"(' ', '1')",3,0,32,49
545,545,"('t', 'b')",3,0,116,98
546,546,"(' ', 'L')",3,0,32,76
547,547,"('L', 'I')",3,0,76,73
548,548,"('N', 'P')",3,0,78,80
549,549,"('C', '.')",3,0,67,46
550,550,"('q', 'c')",3,0,113,99
551,551,"('h', 'd')",3,0,104,100
552,552,"('y', 'g')",3,0,121,103
553,553,"('N', 'T')",3,0,78,84
554,554,"('g', 'u')",3,0,103,117
555,555,"('-', 'n')",3,0,45,110
556,556,"('c', ' ')",3,0,99,32
557,557,"(' ', 'x')",3,0,32,120
558,558,"('e', '1')",3,0,101,49
559,559,"('m', 'l')",3,0,109,108
560,560,"(' ', 'M')",3,0,32,77
561,561,"('4', '.')",3,0,52,46
562,562,"(' ', 'X')",3,0,32,88
563,563,"('X', 'E')",3,0,88,69
564,564,"('N', 'O')",3,0,78,79
565,565,"('O', 'N')",3,0,79,78
566,566,"('N', '1')",3,0,78,49
567,567,"('6', ' ')",3,0,54,32
568,568,"('E', 'T')",3,0,69,84
569,569,"('m', 'r')",2,0,109,114
570,570,"('r', 'w')",2,0,114,119
571,571,"('d', 'c')",2,0,100,99
572,572,"('j', 'o')",2,0,106,111
573,573,"('m', 'y')",2,0,109,121
574,574,"('b', '2')",2,0,98,50
575,575,"('W', 'a')",2,0,87,97
576,576,"('t', 'd')",2,0,116,100
577,577,"('s', 'n')",2,0,115,110
578,578,"('f', 'u')",2,0,102,117
579,579,"('e', '-')",2,0,101,45
580,580,"('.', 'g')",2,0,46,103
581,581,"('2', '1')",2,0,50,49
582,582,"('2', '5')",2,0,50,53
583,583,"(' ', 'R')",2,0,32,82
584,584,"('a', 'a')",2,0,97,97
585,585,"('v', ' ')",2,0,118,32
586,586,"('w', 'l')",2,0,119,108
587,587,"('l', 'r')",2,0,108,114
588,588,"('3', ']')",2,0,51,93
589,589,"('z', ' ')",2,0,122,32
590,590,"('0', ']')",2,0,48,93
591,591,"('7', '0')",2,0,55,48
592,592,"('m', 'v')",2,0,109,118
593,593,"('9', '0')",2,0,57,48
594,594,"('l', 'x')",2,0,108,120
595,595,"('j', 'b')",2,0,106,98
596,596,"('m', 'x')",2,0,109,120
597,597,"('y', 'i')",2,0,121,105
598,598,"('i', 'w')",2,0,105,119
599,599,"('i', 'L')",2,0,105,76
600,600,"('L', 'i')",2,0,76,105
601,601,"('7', '7')",2,0,55,55
602,602,"('7', '3')",2,0,55,51
603,603,"('3', '0')",2,0,51,48
604,604,"('9', '2')",2,0,57,50
605,605,"('6', '8')",2,0,54,56
606,606,"('r', 'f')",2,0,114,102
607,607,"('o', '2')",2,0,111,50
608,608,"('-', 'e')",2,0,45,101
609,609,"('x', 't')",2,0,120,116
610,610,"('.', 'j')",2,0,46,106
611,611,"('u', 'e')",2,0,117,101
612,612,"('t', '1')",2,0,116,49
613,613,"('y', 'b')",2,0,121,98
614,614,"('b', 'p')",2,0,98,112
615,615,"('a', 'x')",2,0,97,120
616,616,"(' ', 'z')",2,0,32,122
617,617,"('-', 's')",2,0,45,115
618,618,"('3', '8')",2,0,51,56
619,619,"('m', '0')",2,0,109,48
620,620,"('4', '2')",2,0,52,50
621,621,"('3', '4')",2,0,51,52
622,622,"('4', ']')",2,0,52,93
623,623,"('t', 'y')",2,0,116,121
624,624,"(' ', 'K')",2,0,32,75
625,625,"('K', 'B')",2,0,75,66
626,626,"('B', 'S')",2,0,66,83
627,627,"('S', '0')",2,0,83,48
628,628,"('c', 'm')",2,0,99,109
629,629,"('l', '5')",2,0,108,53
630,630,"('r', '3')",2,0,114,51
631,631,"('f', 'm')",2,0,102,109
632,632,"('x', 'e')",2,0,120,101
633,633,"('l', '4')",2,0,108,52
634,634,"('.', 'x')",2,0,46,120
635,635,"('.', 'N')",2,0,46,78
636,636,"('T', '-')",2,0,84,45
637,637,"('-', 'N')",2,0,45,78
638,638,"('N', 'E')",2,0,78,69
639,639,"('T', 'W')",2,0,84,87
640,640,"('W', 'O')",2,0,87,79
641,641,"('O', 'R')",2,0,79,82
642,642,"('R', 'K')",2,0,82,75
643,643,"('K', ' ')",2,0,75,32
644,644,"('M', 'A')",2,0,77,65
645,645,"('A', 'X')",2,0,65,88
646,646,"('X', ' ')",2,0,88,32
647,647,"('p', 'n')",1,0,112,110
648,648,"('n', 'r')",1,0,110,114
649,649,"('v', 'y')",1,0,118,121
650,650,"('w', 'r')",1,0,119,114
651,651,"('x', 'f')",1,0,120,102
652,652,"(' ', 'W')",1,0,32,87
653,653,"('c', 'g')",1,0,99,103
654,654,"('w', 'c')",1,0,119,99
655,655,"('x', 'g')",1,0,120,103
656,656,"('v', '0')",1,0,118,48
657,657,"('h', 'b')",1,0,104,98
658,658,"('-', 'd')",1,0,45,100
659,659,"(' ', '2')",1,0,32,50
660,660,"('3', '2')",1,0,51,50
661,661,"('2', '2')",1,0,50,50
662,662,"('5', ' ')",1,0,53,32
663,663,"('R', 'i')",1,0,82,105
664,664,"('b', 'n')",1,0,98,110
665,665,"('h', '8')",1,0,104,56
666,666,"('m', 'w')",1,0,109,119
667,667,"('b', ' ')",1,0,98,32
668,668,"('r', '1')",1,0,114,49
669,669,"('l', 'w')",1,0,108,119
670,670,"('5', '5')",1,0,53,53
671,671,"('2', '3')",1,0,50,51
672,672,"('-', 'l')",1,0,45,108
673,673,"('s', 'q')",1,0,115,113
674,674,"('C', 'W')",1,0,67,87
675,675,"('W', 'E')",1,0,87,69
676,676,"('E', 'X')",1,0,69,88
677,677,"('X', 'O')",1,0,88,79
678,678,"('O', 'E')",1,0,79,69
679,679,"('x', 'p')",1,0,120,112
680,680,"('k', 'n')",1,0,107,110
681,681,"('R', 'A')",1,0,82,65
682,682,"('A', 'G')",1,0,65,71
683,683,"('G', 'I')",1,0,71,73
684,684,"('N', 'G')",1,0,78,71
685,685,"('G', ' ')",1,0,71,32
686,686,"('d', 'f')",1,0,100,102
687,687,"('f', 'w')",1,0,102,119
688,688,"('y', 'p')",1,0,121,112
689,689,"('A', '7')",1,0,65,55
690,690,"('k', 'y')",1,0,107,121
691,691,"('y', 'm')",1,0,121,109
692,692,"('2', '-')",1,0,50,45
693,693,"('-', '2')",1,0,45,50
694,694,"('8', '-')",1,0,56,45
695,695,"('-', '1')",1,0,45,49
696,696,"('1', '-')",1,0,49,45
697,697,"('-', '9')",1,0,45,57
698,698,"('w', ' ')",1,0,119,32
699,699,"('x', '1')",1,0,120,49
700,700,"('.', '9')",1,0,46,57
701,701,"('9', '7')",1,0,57,55
702,702,"(' ', '0')",1,0,32,48
703,703,"('2', ' ')",1,0,50,32
704,704,"('c', 'j')",1,0,99,106
705,705,"('j', 'c')",1,0,106,99
706,706,"(' ', 'Q')",1,0,32,81
707,707,"('Q', 'U')",1,0,81,85
708,708,"('U', 'E')",1,0,85,69
709,709,"('T', 'I')",1,0,84,73
710,710,"('N', ' ')",1,0,78,32
711,711,"('3', ' ')",1,0,51,32
712,712,"('l', '0')",1,0,108,48
713,713,"('2', 'u')",1,0,50,117
714,714,"('v', 'r')",1,0,118,114
715,715,"('i', 'x')",1,0,105,120
716,716,"('p', '-')",1,0,112,45
717,717,"('-', 'w')",1,0,45,119
718,718,"('p', '3')",1,0,112,51
719,719,"('x', 'v')",1,0,120,118
720,720,"('k', '2')",1,0,107,50
721,721,"('t', 'g')",1,0,116,103
722,722,"('v', 'm')",1,0,118,109
723,723,"('a', '-')",1,0,97,45
724,724,"('u', 'f')",1,0,117,102
725,725,"('f', 'y')",1,0,102,121
726,726,"('j', 'p')",1,0,106,112
727,727,"('p', 'c')",1,0,112,99
728,728,"('v', '-')",1,0,118,45
729,729,"('p', 'b')",1,0,112,98
730,730,"('b', 'z')",1,0,98,122
731,731,"('f', 'j')",1,0,102,106
732,732,"('j', 'h')",1,0,106,104
733,733,"('k', '-')",1,0,107,45
734,734,"('-', 'k')",1,0,45,107
735,735,"('-', 't')",1,0,45,116
736,736,"('s', '8')",1,0,115,56
737,737,"('c', 'b')",1,0,99,98
738,738,"('o', 'k')",1,0,111,107
739,739,"('k', 'u')",1,0,107,117
740,740,"('i', 'S')",1,0,105,83
741,741,"('S', '3')",1,0,83,51
742,742,"('3', 'I')",1,0,51,73
743,743,"('I', 'n')",1,0,73,110
744,744,"('t', 'W')",1,0,116,87
745,745,"('W', 'i')",1,0,87,105
746,746,"('x', 'l')",1,0,120,108
747,747,"('t', '-')",1,0,116,45
748,748,"('8', ']')",1,0,56,93
749,749,"('7', '4')",1,0,55,52
750,750,"('1', '5')",1,0,49,53
751,751,"('5', '3')",1,0,53,51
752,752,"('h', 'w')",1,0,104,119
753,753,"('4', '3')",1,0,52,51
754,754,"('.', '5')",1,0,46,53
755,755,"('5', '0')",1,0,53,48
756,756,"('H', 'S')",1,0,72,83
757,757,"('S', ' ')",1,0,83,32
758,758,"('3', '7')",1,0,51,55
759,759,"('0', '5')",1,0,48,53
760,760,"('k', 'm')",1,0,107,109
761,761,"('y', 'h')",1,0,121,104
762,762,"(' ', 'S')",1,0,32,83
763,763,"('S', 'u')",1,0,83,117
764,764,"('C', 'O')",1,0,67,79
765,765,"('O', 'M')",1,0,79,77
766,766,"('M', ' ')",1,0,77,32
767,767,"('z', 'e')",1,0,122,101
768,768,"('i', '0')",1,0,105,48
769,769,"('2', 'e')",1,0,50,101
770,770,"('A', 'T')",1,0,65,84
771,771,"('T', 'L')",1,0,84,76
772,772,"('L', 'A')",1,0,76,65
773,773,"('A', 'S')",1,0,65,83
774,774,"('S', '2')",1,0,83,50
775,775,"('2', 'K')",1,0,50,75
776,776,"('K', '.')",1,0,75,46
777,777,"('g', 'B')",1,0,103,66
778,778,"('B', 'e')",1,0,66,101
779,779,"('m', 'g')",1,0,109,103
780,780,"('c', '1')",1,0,99,49
781,781,"('c', '0')",1,0,99,48
782,782,"('y', 'o')",1,0,121,111
783,783,"('k', 'w')",1,0,107,119
784,784,"('f', '8')",1,0,102,56
785,785,"('3', '9')",1,0,51,57
786,786,"('0', '4')",1,0,48,52
787,787,"('P', 'r')",1,0,80,114
788,788,"('w', '3')",1,0,119,51
789,789,"('9', ']')",1,0,57,93
790,790,"('x', '0')",1,0,120,48
791,791,"('4', '0')",1,0,52,48
792,792,"('6', '3')",1,0,54,51
793,793,"('2', ']')",1,0,50,93
794,794,"('m', 'm')",1,0,109,109
795,795,"('e', 'W')",1,0,101,87
796,796,"('p', 'd')",1,0,112,100
797,797,"('f', '2')",1,0,102,50
798,798,"('P', 'E')",1,0,80,69
799,799,"('T', 'E')",1,0,84,69
800,800,"('E', 'R')",1,0,69,82
801,801,"('R', ' ')",1,0,82,32
802,802,"('o', 'm')",2581,1,111,109
803,803,"('c', 'o')",2530,1,99,111
804,804,"('.', 'c')",2449,1,46,99
805,805,"('m', ' ')",2191,1,109,32
806,806,"('m', 'a')",1743,1,109,97
807,807,"('a', 'i')",1703,1,97,105
808,808,"('i', 'l')",1536,1,105,108
809,809,"(' ', 'm')",1517,1,32,109
810,810,"('e', '.')",1372,1,101,46
811,811,"('l', '.')",1241,1,108,46
812,812,"('.', 'e')",1239,1,46,101
813,813,"('a', 'm')",1230,1,97,109
814,814,"('l', 'e')",1227,1,108,101
815,815,"('p', 'l')",1203,1,112,108
816,816,"('m', 'p')",1197,1,109,112
817,817,"('e', 'x')",1179,1,101,120
818,818,"('x', 'a')",1143,1,120,97
819,819,"('e', 'r')",828,1,101,114
820,820,"('n', 'e')",620,1,110,101
821,821,"('e', 't')",572,1,101,116
822,822,"('h', 'o')",549,1,104,111
823,823,"('o', 'r')",544,1,111,114
824,824,"('.', 'n')",515,1,46,110
825,825,"('i', 'n')",514,1,105,110
826,826,"('t', ' ')",501,1,116,32
827,827,"('.', 'o')",429,1,46,111
828,828,"('1', '.')",428,1,49,46
829,829,"('r', 'g')",421,1,114,103
830,830,"('g', ' ')",413,1,103,32
831,831,"('n', '.')",394,1,110,46
832,832,"('o', '.')",379,1,111,46
833,833,"('s', 'e')",368,1,115,101
834,834,"('s', 't')",364,1,115,116
835,835,"('a', 'l')",351,1,97,108
836,836,"('v', 'e')",341,1,118,101
837,837,"('c', 'a')",325,1,99,97
838,838,"('t', '.')",315,1,116,46
839,839,"('l', '1')",314,1,108,49
840,840,"('a', 'r')",288,1,97,114
841,841,"('o', 'o')",265,1,111,111
842,842,"('r', '.')",260,1,114,46
843,843,"('r', 'v')",251,1,114,118
844,844,"(' ', 'c')",248,1,32,99
845,845,"('s', '.')",244,1,115,46
846,846,"('a', 'h')",243,1,97,104
847,847,"(' ', 'y')",239,1,32,121
848,848,"('y', 'a')",239,1,121,97
849,849,"('a', 'n')",232,1,97,110
850,850,"('o', 's')",232,1,111,115
851,851,"('.', 'd')",227,1,46,100
852,852,"(' ', 's')",225,1,32,115
853,853,"('o', 'n')",223,1,111,110
854,854,"('t', 'e')",219,1,116,101
855,855,"('p', 'a')",209,1,112,97
856,856,"('l', 'o')",208,1,108,111
857,857,"('r', 'e')",198,1,114,101
858,858,"(' ', 'e')",197,1,32,101
859,859,"('a', 'y')",196,1,97,121
860,860,"('o', 'c')",196,1,111,99
861,861,"('d', 'o')",193,1,100,111
862,862,"('a', 's')",189,1,97,115
863,863,"('c', 'h')",185,1,99,104
864,864,"('2', '.')",175,1,50,46
865,865,"('e', 'b')",175,1,101,98
866,866,"('b', 'a')",173,1,98,97
867,867,"(' ', 'h')",171,1,32,104
868,868,"('r', 't')",166,1,114,116
869,869,"('r', 'i')",164,1,114,105
870,870,"('a', '.')",164,1,97,46
871,871,"('r', ' ')",155,1,114,32
872,872,"('.', 'l')",147,1,46,108
873,873,"('h', 'a')",142,1,104,97
874,874,"('d', 'e')",141,1,100,101
875,875,"(' ', 'p')",141,1,32,112
876,876,"(' ', 'a')",140,1,32,97
877,877,"('y', '.')",138,1,121,46
878,878,"('m', '.')",136,1,109,46
879,879,"('o', 't')",134,1,111,116
880,880,"('e', 's')",134,1,101,115
881,881,"('k', '.')",134,1,107,46
882,882,"('l', 'i')",129,1,108,105
883,883,"('n', 'k')",128,1,110,107
884,884,"('t', 'h')",128,1,116,104
885,885,"('e', 'a')",125,1,101,97
886,886,"('l', 'a')",122,1,108,97
887,887,"('w', 'e')",121,1,119,101
888,888,"('i', 't')",115,1,105,116
889,889,"('r', 'o')",114,1,114,111
890,890,"('.', 's')",114,1,46,115
891,891,"(' ', 'l')",113,1,32,108
892,892,"('o', 'l')",112,1,111,108
893,893,"('m', 's')",112,1,109,115
894,894,"('t', 'm')",108,1,116,109
895,895,"('l', '2')",105,1,108,50
896,896,"('l', ' ')",104,1,108,32
897,897,"('n', 'g')",103,1,110,103
898,898,"('n', 'i')",103,1,110,105
899,899,"('e', 'n')",101,1,101,110
900,900,"('.', 'a')",101,1,46,97
901,901,"('i', 'c')",99,1,105,99
902,902,"('t', 'i')",97,1,116,105
903,903,"('r', 'a')",97,1,114,97
904,904,"('n', 't')",96,1,110,116
905,905,"('.', 't')",96,1,46,116
906,906,"('s', 'n')",96,1,115,110
907,907,"('i', 'z')",95,1,105,122
908,908,"(' ', 'b')",95,1,32,98
909,909,"('e', 'd')",94,1,101,100
910,910,"(' ', 'v')",93,1,32,118
911,911,"('.', 'i')",92,1,46,105
912,912,"('c', '.')",91,1,99,46
913,913,"('m', 'c')",90,1,109,99
914,914,"('.', 'u')",88,1,46,117
915,915,"('n', 's')",88,1,110,115
916,916,"('3', '.')",86,1,51,46
917,917,"('a', 't')",86,1,97,116
918,918,"(' ', 'n')",85,1,32,110
919,919,"('d', 'i')",83,1,100,105
920,920,"('e', 'c')",82,1,101,99
921,921,"('.', 'h')",81,1,46,104
922,922,"('z', 'o')",81,1,122,111
923,923,"('.', 'p')",80,1,46,112
924,924,"('t', 'a')",79,1,116,97
925,925,"('e', ' ')",79,1,101,32
926,926,"('t', 'o')",78,1,116,111
927,927,"('u', ' ')",76,1,117,32
928,928,"('g', 'e')",76,1,103,101
929,929,"(' ', 'w')",75,1,32,119
930,930,"('m', 'e')",74,1,109,101
931,931,"('a', 'c')",74,1,97,99
932,932,"('e', 'l')",73,1,101,108
933,933,"('.', 'm')",73,1,46,109
934,934,"('s', 'p')",72,1,115,112
935,935,"('h', 'e')",72,1,104,101
936,936,"('s', 'i')",72,1,115,105
937,937,"(' ', 'd')",72,1,32,100
938,938,"('u', 'r')",72,1,117,114
939,939,"('s', 's')",71,1,115,115
940,940,"('y', 'p')",71,1,121,112
941,941,"('p', 'r')",71,1,112,114
942,942,"('a', 'o')",70,1,97,111
943,943,"('u', 's')",69,1,117,115
944,944,"('l', 'h')",69,1,108,104
945,945,"('h', 'l')",68,1,104,108
946,946,"(' ', 'U')",68,1,32,85
947,947,"('i', 'a')",67,1,105,97
948,948,"(' ', 'r')",66,1,32,114
949,949,"('U', 's')",66,1,85,115
950,950,"('n', ' ')",64,1,110,32
951,951,"('.', 'k')",63,1,46,107
952,952,"('w', 'w')",62,1,119,119
953,953,"('u', '.')",61,1,117,46
954,954,"('p', 'e')",61,1,112,101
955,955,"('k', ' ')",60,1,107,32
956,956,"('i', 's')",60,1,105,115
957,957,"('s', 'o')",60,1,115,111
958,958,"('t', 'r')",60,1,116,114
959,959,"('r', 's')",58,1,114,115
960,960,"('p', 'o')",58,1,112,111
961,961,"('e', 'e')",57,1,101,101
962,962,"('l', 'u')",57,1,108,117
963,963,"('g', '.')",56,1,103,46
964,964,"('u', 'n')",56,1,117,110
965,965,"('c', 'l')",56,1,99,108
966,966,"('m', 'o')",56,1,109,111
967,967,"('c', 'e')",56,1,99,101
968,968,"('n', 'a')",55,1,110,97
969,969,"('l', 'd')",53,1,108,100
970,970,"('n', 'c')",53,1,110,99
971,971,"('e', 'm')",52,1,101,109
972,972,"('s', 'a')",52,1,115,97
973,973,"('i', 'b')",52,1,105,98
974,974,"('v', 'i')",51,1,118,105
975,975,"('t', 'w')",51,1,116,119
976,976,"('c', 'i')",51,1,99,105
977,977,"('o', 'p')",51,1,111,112
978,978,"('.', 'b')",51,1,46,98
979,979,"('l', 'l')",51,1,108,108
980,980,"('g', 'a')",50,1,103,97
981,981,"('r', 'n')",50,1,114,110
982,982,"('s', 'c')",50,1,115,99
983,983,"('i', 'r')",49,1,105,114
984,984,"('p', 'i')",49,1,112,105
985,985,"(' ', 't')",49,1,32,116
986,986,"('d', 'a')",49,1,100,97
987,987,"('t', 's')",49,1,116,115
988,988,"('p', '.')",49,1,112,46
989,989,"('u', 'k')",48,1,117,107
990,990,"('r', 'c')",48,1,114,99
991,991,"('a', 'd')",47,1,97,100
992,992,"('.', 'w')",47,1,46,119
993,993,"('o', 'u')",47,1,111,117
994,994,"(' ', 'f')",46,1,32,102
995,995,"('r', '1')",46,1,114,49
996,996,"('o', ' ')",46,1,111,32
997,997,"('.', 'r')",45,1,46,114
998,998,"('d', '.')",45,1,100,46
999,999,"('n', 'd')",45,1,110,100
1000,1000,"('i', 'o')",45,1,105,111
1001,1001,"('y', 's')",44,1,121,115
1002,1002,"(' ', 'g')",44,1,32,103
1003,1003,"('b', '.')",44,1,98,46
1004,1004,"('.', 'g')",44,1,46,103
1005,1005,"('e', 'p')",43,1,101,112
1006,1006,"('r', 'u')",43,1,114,117
1007,1007,"('h', 'u')",42,1,104,117
1008,1008,"('n', 'o')",42,1,110,111
1009,1009,"('f', 'r')",42,1,102,114
1010,1010,"('h', 'i')",42,1,104,105
1011,1011,"(' ', 'j')",42,1,32,106
1012,1012,"('w', 'i')",41,1,119,105
1013,1013,"('0', '1')",40,1,48,49
1014,1014,"('m', 'i')",40,1,109,105
1015,1015,"('c', 's')",39,1,99,115
1016,1016,"('1', '5')",39,1,49,53
1017,1017,"('a', 'g')",39,1,97,103
1018,1018,"('b', 's')",38,1,98,115
1019,1019,"('b', 'b')",38,1,98,98
1020,1020,"('s', ' ')",37,1,115,32
1021,1021,"('k', 'r')",37,1,107,114
1022,1022,"('u', 't')",37,1,117,116
1023,1023,"('B', 'a')",37,1,66,97
1024,1024,"('k', 'e')",36,1,107,101
1025,1025,"('c', 'k')",36,1,99,107
1026,1026,"('f', 'o')",36,1,102,111
1027,1027,"('i', 'p')",35,1,105,112
1028,1028,"('e', 'v')",35,1,101,118
1029,1029,"('s', 'h')",35,1,115,104
1030,1030,"('b', 'l')",35,1,98,108
1031,1031,"('g', 'o')",34,1,103,111
1032,1032,"('e', 'g')",34,1,101,103
1033,1033,"('e', 'k')",34,1,101,107
1034,1034,"('n', 'l')",34,1,110,108
1035,1035,"('h', '.')",34,1,104,46
1036,1036,"('n', 'f')",34,1,110,102
1037,1037,"('i', 'd')",34,1,105,100
1038,1038,"('e', 'B')",34,1,101,66
1039,1039,"('l', 'y')",33,1,108,121
1040,1040,"(' ', 'i')",33,1,32,105
1041,1041,"('i', 'e')",33,1,105,101
1042,1042,"('o', 'v')",33,1,111,118
1043,1043,"('d', 'u')",32,1,100,117
1044,1044,"('j', 'a')",32,1,106,97
1045,1045,"('a', 'u')",32,1,97,117
1046,1046,"('x', '.')",32,1,120,46
1047,1047,"('g', 'r')",32,1,103,114
1048,1048,"('i', 'g')",31,1,105,103
1049,1049,"('r', 'd')",31,1,114,100
1050,1050,"('w', 'a')",31,1,119,97
1051,1051,"('u', 'm')",31,1,117,109
1052,1052,"('c', 'u')",31,1,99,117
1053,1053,"('.', 'f')",31,1,46,102
1054,1054,"('c', 't')",31,1,99,116
1055,1055,"('l', 't')",31,1,108,116
1056,1056,"('b', 'r')",30,1,98,114
1057,1057,"('w', ' ')",30,1,119,32
1058,1058,"('l', 's')",30,1,108,115
1059,1059,"('0', '0')",30,1,48,48
1060,1060,"('a', 'p')",30,1,97,112
1061,1061,"('o', 'w')",30,1,111,119
1062,1062,"('i', 'm')",29,1,105,109
1063,1063,"(' ', 'k')",29,1,32,107
1064,1064,"('5', '.')",29,1,53,46
1065,1065,"('.', 'j')",29,1,46,106
1066,1066,"('r', 'r')",29,1,114,114
1067,1067,"('b', 'm')",29,1,98,109
1068,1068,"('0', '.')",28,1,48,46
1069,1069,"(' ', 'o')",28,1,32,111
1070,1070,"('o', 'f')",28,1,111,102
1071,1071,"('w', '.')",28,1,119,46
1072,1072,"('v', '.')",27,1,118,46
1073,1073,"('b', 'e')",27,1,98,101
1074,1074,"('f', 'a')",26,1,102,97
1075,1075,"('e', 'u')",26,1,101,117
1076,1076,"('b', 'o')",26,1,98,111
1077,1077,"('k', 'o')",26,1,107,111
1078,1078,"('i', '.')",26,1,105,46
1079,1079,"('s', 'm')",26,1,115,109
1080,1080,"('t', 'u')",26,1,116,117
1081,1081,"('c', 'r')",25,1,99,114
1082,1082,"('0', '2')",25,1,48,50
1083,1083,"('s', '1')",25,1,115,49
1084,1084,"(' ', '5')",25,1,32,53
1085,1085,"('d', 'c')",25,1,100,99
1086,1086,"('f', 't')",25,1,102,116
1087,1087,"('p', 'h')",25,1,112,104
1088,1088,"('o', 'g')",24,1,111,103
1089,1089,"('n', 'n')",24,1,110,110
1090,1090,"('t', 'l')",24,1,116,108
1091,1091,"('.', 'v')",24,1,46,118
1092,1092,"('j', 'o')",24,1,106,111
1093,1093,"('n', '-')",24,1,110,45
1094,1094,"('k', 'i')",24,1,107,105
1095,1095,"('P', 'a')",24,1,80,97
1096,1096,"('p', 's')",23,1,112,115
1097,1097,"('h', 't')",23,1,104,116
1098,1098,"('s', 'u')",23,1,115,117
1099,1099,"('9', '.')",23,1,57,46
1100,1100,"('g', 'i')",23,1,103,105
1101,1101,"('6', '.')",23,1,54,46
1102,1102,"('4', '.')",23,1,52,46
1103,1103,"('f', 'i')",23,1,102,105
1104,1104,"('5', '3')",23,1,53,51
1105,1105,"('E', 'R')",23,1,69,82
1106,1106,"('r', 'k')",22,1,114,107
1107,1107,"('n', 'u')",22,1,110,117
1108,1108,"('o', 'd')",22,1,111,100
1109,1109,"('j', 'p')",22,1,106,112
1110,1110,"('f', 'e')",22,1,102,101
1111,1111,"('t', 'p')",21,1,116,112
1112,1112,"('a', 'b')",21,1,97,98
1113,1113,"('a', ' ')",21,1,97,32
1114,1114,"('1', '0')",21,1,49,48
1115,1115,"('5', '0')",21,1,53,48
1116,1116,"('e', 'w')",21,1,101,119
1117,1117,"('7', '.')",21,1,55,46
1118,1118,"('r', 'm')",21,1,114,109
1119,1119,"('b', 'i')",21,1,98,105
1120,1120,"('p', ' ')",21,1,112,32
1121,1121,"('m', 'u')",20,1,109,117
1122,1122,"('u', 'c')",20,1,117,99
1123,1123,"('z', ' ')",20,1,122,32
1124,1124,"('1', '2')",20,1,49,50
1125,1125,"('d', 's')",20,1,100,115
1126,1126,"('b', 'u')",20,1,98,117
1127,1127,"('S', 'e')",20,1,83,101
1128,1128,"('-', 's')",20,1,45,115
1129,1129,"('-', 'w')",20,1,45,119
1130,1130,"('0', '3')",19,1,48,51
1131,1131,"('r', 'y')",19,1,114,121
1132,1132,"('t', 'c')",19,1,116,99
1133,1133,"('a', 'w')",19,1,97,119
1134,1134,"('i', 'v')",19,1,105,118
1135,1135,"('e', 'i')",19,1,101,105
1136,1136,"('2', '-')",19,1,50,45
1137,1137,"('u', 'p')",19,1,117,112
1138,1138,"('p', 'u')",19,1,112,117
1139,1139,"('s', 'r')",19,1,115,114
1140,1140,"('e', 'o')",19,1,101,111
1141,1141,"('t', 'b')",19,1,116,98
1142,1142,"('k', 'a')",19,1,107,97
1143,1143,"('a', 'f')",19,1,97,102
1144,1144,"('s', 'b')",18,1,115,98
1145,1145,"('z', 'a')",18,1,122,97
1146,1146,"('f', 'f')",18,1,102,102
1147,1147,"('x', 'p')",18,1,120,112
1148,1148,"('k', 's')",18,1,107,115
1149,1149,"('d', 'r')",18,1,100,114
1150,1150,"('a', 'z')",18,1,97,122
1151,1151,"('u', 'a')",18,1,117,97
1152,1152,"('b', 'c')",18,1,98,99
1153,1153,"('t', 't')",18,1,116,116
1154,1154,"('y', ' ')",17,1,121,32
1155,1155,"('t', '1')",17,1,116,49
1156,1156,"('n', 'z')",17,1,110,122
1157,1157,"('-', '1')",17,1,45,49
1158,1158,"('p', '1')",17,1,112,49
1159,1159,"('s', 'l')",17,1,115,108
1160,1160,"('r', 'p')",17,1,114,112
1161,1161,"('2', '0')",17,1,50,48
1162,1162,"('z', '.')",17,1,122,46
1163,1163,"('1', '7')",17,1,49,55
1164,1164,"('e', '-')",17,1,101,45
1165,1165,"('s', 'd')",17,1,115,100
1166,1166,"('l', 'm')",17,1,108,109
1167,1167,"('e', 'h')",17,1,101,104
1168,1168,"('u', 'j')",17,1,117,106
1169,1169,"('b', 'x')",17,1,98,120
1170,1170,"('y', '3')",16,1,121,51
1171,1171,"('c', 'n')",16,1,99,110
1172,1172,"(' ', 'u')",16,1,32,117
1173,1173,"('2', '1')",16,1,50,49
1174,1174,"('x', 'c')",16,1,120,99
1175,1175,"('t', '-')",16,1,116,45
1176,1176,"('m', 'm')",16,1,109,109
1177,1177,"('s', 'g')",16,1,115,103
1178,1178,"('g', 'u')",16,1,103,117
1179,1179,"('u', 'i')",16,1,117,105
1180,1180,"('y', 'n')",16,1,121,110
1181,1181,"(' ', 'S')",16,1,32,83
1182,1182,"('1', ' ')",16,1,49,32
1183,1183,"('v', 'a')",16,1,118,97
1184,1184,"('d', 'd')",16,1,100,100
1185,1185,"(' ', 'P')",16,1,32,80
1186,1186,"('l', '-')",16,1,108,45
1187,1187,"('g', 'h')",15,1,103,104
1188,1188,"('t', 'y')",15,1,116,121
1189,1189,"('w', 'o')",15,1,119,111
1190,1190,"('.', '1')",15,1,46,49
1191,1191,"('d', 'y')",15,1,100,121
1192,1192,"('g', 's')",15,1,103,115
1193,1193,"('i', 'x')",15,1,105,120
1194,1194,"('m', 'x')",15,1,109,120
1195,1195,"('0', '4')",15,1,48,52
1196,1196,"('m', 't')",15,1,109,116
1197,1197,"('k', 'y')",14,1,107,121
1198,1198,"('n', 'y')",14,1,110,121
1199,1199,"('o', 'b')",14,1,111,98
1200,1200,"('v', ' ')",14,1,118,32
1201,1201,"('f', 'l')",14,1,102,108
1202,1202,"('m', 'b')",14,1,109,98
1203,1203,"('h', ' ')",14,1,104,32
1204,1204,"('z', 'e')",14,1,122,101
1205,1205,"('c', '2')",14,1,99,50
1206,1206,"('o', 'x')",14,1,111,120
1207,1207,"('x', 'i')",14,1,120,105
1208,1208,"('w', 'n')",14,1,119,110
1209,1209,"('0', '-')",14,1,48,45
1210,1210,"('.', 'y')",13,1,46,121
1211,1211,"('b', 't')",13,1,98,116
1212,1212,"('h', 'y')",13,1,104,121
1213,1213,"('a', '-')",13,1,97,45
1214,1214,"(' ', 'x')",13,1,32,120
1215,1215,"('-', '2')",13,1,45,50
1216,1216,"('a', 'v')",13,1,97,118
1217,1217,"('h', 's')",13,1,104,115
1218,1218,"('y', 'o')",13,1,121,111
1219,1219,"('l', 'c')",13,1,108,99
1220,1220,"('c', 'c')",13,1,99,99
1221,1221,"('u', 'e')",13,1,117,101
1222,1222,"('l', 'p')",13,1,108,112
1223,1223,"('5', '1')",13,1,53,49
1224,1224,"('9', '7')",13,1,57,55
1225,1225,"('n', 'p')",13,1,110,112
1226,1226,"('a', 'k')",13,1,97,107
1227,1227,"('i', 'k')",13,1,105,107
1228,1228,"('c', 'p')",13,1,99,112
1229,1229,"('m', 'y')",12,1,109,121
1230,1230,"('n', 'm')",12,1,110,109
1231,1231,"('g', 'l')",12,1,103,108
1232,1232,"('p', 't')",12,1,112,116
1233,1233,"('y', 'c')",12,1,121,99
1234,1234,"('2', '9')",12,1,50,57
1235,1235,"('c', ' ')",12,1,99,32
1236,1236,"('4', 'u')",12,1,52,117
1237,1237,"('u', 'l')",12,1,117,108
1238,1238,"('x', ' ')",12,1,120,32
1239,1239,"('1', '1')",12,1,49,49
1240,1240,"('2', ' ')",12,1,50,32
1241,1241,"('d', 'n')",12,1,100,110
1242,1242,"('1', '6')",12,1,49,54
1243,1243,"('6', '3')",12,1,54,51
1244,1244,"('i', ' ')",12,1,105,32
1245,1245,"('s', '2')",12,1,115,50
1246,1246,"('o', 'i')",12,1,111,105
1247,1247,"('a', 'e')",12,1,97,101
1248,1248,"('p', '-')",12,1,112,45
1249,1249,"('k', 'u')",12,1,107,117
1250,1250,"('s', 'k')",12,1,115,107
1251,1251,"('u', 'd')",12,1,117,100
1252,1252,"('g', 'n')",12,1,103,110
1253,1253,"(' ', 'W')",12,1,32,87
1254,1254,"('y', 'P')",12,1,121,80
1255,1255,"('C', 'h')",12,1,67,104
1256,1256,"('-', 'c')",12,1,45,99
1257,1257,"('v', 'o')",12,1,118,111
1258,1258,"('r', 'l')",12,1,114,108
1259,1259,"('r', '-')",12,1,114,45
1260,1260,"('l', '0')",11,1,108,48
1261,1261,"('i', 'u')",11,1,105,117
1262,1262,"(' ', '2')",11,1,32,50
1263,1263,"('1', '9')",11,1,49,57
1264,1264,"('2', '2')",11,1,50,50
1265,1265,"('u', 'b')",11,1,117,98
1266,1266,"('z', 'i')",11,1,122,105
1267,1267,"('3', '0')",11,1,51,48
1268,1268,"(' ', 'C')",11,1,32,67
1269,1269,"(' ', 'M')",11,1,32,77
1270,1270,"('n', 'w')",11,1,110,119
1271,1271,"('3', '2')",11,1,51,50
1272,1272,"('i', '-')",11,1,105,45
1273,1273,"('k', 'b')",11,1,107,98
1274,1274,"('?', '?')",11,1,63,63
1275,1275,"('l', 'v')",10,1,108,118
1276,1276,"('m', 'n')",10,1,109,110
1277,1277,"(' ', 'z')",10,1,32,122
1278,1278,"('g', 'b')",10,1,103,98
1279,1279,"('9', ' ')",10,1,57,32
1280,1280,"('4', '5')",10,1,52,53
1281,1281,"('w', 't')",10,1,119,116
1282,1282,"('q', 'u')",10,1,113,117
1283,1283,"('s', '3')",10,1,115,51
1284,1284,"('M', 'A')",10,1,77,65
1285,1285,"('8', '.')",10,1,56,46
1286,1286,"('.', 'z')",10,1,46,122
1287,1287,"('g', 'y')",10,1,103,121
1288,1288,"(' ', '6')",10,1,32,54
1289,1289,"('7', ' ')",10,1,55,32
1290,1290,"('o', '-')",10,1,111,45
1291,1291,"('p', 'p')",10,1,112,112
1292,1292,"('s', 'w')",10,1,115,119
1293,1293,"('x', '1')",10,1,120,49
1294,1294,"('r', '0')",10,1,114,48
1295,1295,"('x', 's')",10,1,120,115
1296,1296,"('s', '-')",10,1,115,45
1297,1297,"('-', 'i')",10,1,45,105
1298,1298,"('n', 'b')",10,1,110,98
1299,1299,"('e', '0')",10,1,101,48
1300,1300,"('-', 'm')",10,1,45,109
1301,1301,"('g', '4')",10,1,103,52
1302,1302,"('t', 'n')",10,1,116,110
1303,1303,"('p', 'm')",10,1,112,109
1304,1304,"('-', '0')",10,1,45,48
1305,1305,"('k', 'c')",10,1,107,99
1306,1306,"('i', 'f')",10,1,105,102
1307,1307,"('v', 'm')",10,1,118,109
1308,1308,"('7', '0')",10,1,55,48
1309,1309,"('o', 'k')",10,1,111,107
1310,1310,"('s', 'y')",10,1,115,121
1311,1311,"('R', 'V')",10,1,82,86
1312,1312,"('h', 'k')",9,1,104,107
1313,1313,"(' ', 'q')",9,1,32,113
1314,1314,"('a', 'x')",9,1,97,120
1315,1315,"('7', '3')",9,1,55,51
1316,1316,"('w', 'f')",9,1,119,102
1317,1317,"('.', 'q')",9,1,46,113
1318,1318,"('f', '.')",9,1,102,46
1319,1319,"('e', 'f')",9,1,101,102
1320,1320,"('3', ' ')",9,1,51,32
1321,1321,"('1', '8')",9,1,49,56
1322,1322,"('w', 's')",9,1,119,115
1323,1323,"('r', 'b')",9,1,114,98
1324,1324,"('r', '3')",9,1,114,51
1325,1325,"('m', 'w')",9,1,109,119
1326,1326,"('k', 'd')",9,1,107,100
1327,1327,"('b', '2')",9,1,98,50
1328,1328,"('d', 'p')",9,1,100,112
1329,1329,"('l', 'f')",9,1,108,102
1330,1330,"('a', 'a')",9,1,97,97
1331,1331,"('s', 'v')",9,1,115,118
1332,1332,"('v', 'r')",9,1,118,114
1333,1333,"('g', 'd')",9,1,103,100
1334,1334,"('5', ' ')",9,1,53,32
1335,1335,"('a', 'j')",9,1,97,106
1336,1336,"('d', 't')",9,1,100,116
1337,1337,"('d', ' ')",9,1,100,32
1338,1338,"('m', 'k')",9,1,109,107
1339,1339,"('-', 'a')",9,1,45,97
1340,1340,"('-', 'b')",9,1,45,98
1341,1341,"('-', 'h')",9,1,45,104
1342,1342,"('y', 'b')",9,1,121,98
1343,1343,"(' ', 'O')",9,1,32,79
1344,1344,"('S', 'E')",9,1,83,69
1345,1345,"('V', 'E')",9,1,86,69
1346,1346,"('u', 'g')",8,1,117,103
1347,1347,"('t', 'v')",8,1,116,118
1348,1348,"('x', '2')",8,1,120,50
1349,1349,"('2', 'k')",8,1,50,107
1350,1350,"('1', '4')",8,1,49,52
1351,1351,"('5', '-')",8,1,53,45
1352,1352,"('-', 'M')",8,1,45,77
1353,1353,"('-', 'o')",8,1,45,111
1354,1354,"('q', '.')",8,1,113,46
1355,1355,"('r', '2')",8,1,114,50
1356,1356,"('b', '1')",8,1,98,49
1357,1357,"('j', ' ')",8,1,106,32
1358,1358,"('w', 'h')",8,1,119,104
1359,1359,"('3', '3')",8,1,51,51
1360,1360,"('t', 'f')",8,1,116,102
1361,1361,"('0', ' ')",8,1,48,32
1362,1362,"('j', 'e')",8,1,106,101
1363,1363,"('4', ' ')",8,1,52,32
1364,1364,"('0', '9')",8,1,48,57
1365,1365,"('r', 'w')",8,1,114,119
1366,1366,"('5', '5')",8,1,53,53
1367,1367,"('d', 'm')",8,1,100,109
1368,1368,"('p', 'c')",8,1,112,99
1369,1369,"('m', '-')",8,1,109,45
1370,1370,"('o', 'a')",8,1,111,97
1371,1371,"('.', 'C')",8,1,46,67
1372,1372,"('R', '.')",8,1,82,46
1373,1373,"(' ', 'A')",7,1,32,65
1374,1374,"('0', '6')",7,1,48,54
1375,1375,"('8', ' ')",7,1,56,32
1376,1376,"('7', '4')",7,1,55,52
1377,1377,"('m', 'r')",7,1,109,114
1378,1378,"('.', '8')",7,1,46,56
1379,1379,"('z', 'z')",7,1,122,122
1380,1380,"('c', 'g')",7,1,99,103
1381,1381,"('6', ' ')",7,1,54,32
1382,1382,"('7', '-')",7,1,55,45
1383,1383,"('9', '3')",7,1,57,51
1384,1384,"('l', 'b')",7,1,108,98
1385,1385,"('t', 'd')",7,1,116,100
1386,1386,"('b', 'h')",7,1,98,104
1387,1387,"('-', 'q')",7,1,45,113
1388,1388,"('e', 'z')",7,1,101,122
1389,1389,"('k', 't')",7,1,107,116
1390,1390,"('t', '2')",7,1,116,50
1391,1391,"('9', '2')",7,1,57,50
1392,1392,"('n', 'h')",7,1,110,104
1393,1393,"('c', 'm')",7,1,99,109
1394,1394,"('m', 'h')",7,1,109,104
1395,1395,"('l', 'w')",7,1,108,119
1396,1396,"('f', '-')",7,1,102,45
1397,1397,"('d', '1')",7,1,100,49
1398,1398,"('0', '7')",7,1,48,55
1399,1399,"(' ', 'B')",7,1,32,66
1400,1400,"('1', '3')",7,1,49,51
1401,1401,"('u', 'x')",7,1,117,120
1402,1402,"('w', '0')",7,1,119,48
1403,1403,"('d', 'g')",7,1,100,103
1404,1404,"('o', 'h')",7,1,111,104
1405,1405,"('-', 'f')",7,1,45,102
1406,1406,"('-', 'e')",7,1,45,101
1407,1407,"('>', ' ')",7,1,62,32
1408,1408,"('3', '-')",7,1,51,45
1409,1409,"('t', '0')",7,1,116,48
1410,1410,"('6', '7')",7,1,54,55
1411,1411,"('O', 'g')",7,1,79,103
1412,1412,"('a', 'K')",7,1,97,75
1413,1413,"('K', 'C')",7,1,75,67
1414,1414,"('C', 'N')",7,1,67,78
1415,1415,"('N', 's')",7,1,78,115
1416,1416,"('6', '2')",6,1,54,50
1417,1417,"('e', '3')",6,1,101,51
1418,1418,"('2', 'n')",6,1,50,110
1419,1419,"('t', 'g')",6,1,116,103
1420,1420,"('7', '6')",6,1,55,54
1421,1421,"('7', '1')",6,1,55,49
1422,1422,"('2', '6')",6,1,50,54
1423,1423,"('2', '4')",6,1,50,52
1424,1424,"('f', ' ')",6,1,102,32
1425,1425,"('f', 's')",6,1,102,115
1426,1426,"('r', '4')",6,1,114,52
1427,1427,"('b', '3')",6,1,98,51
1428,1428,"('0', '5')",6,1,48,53
1429,1429,"('2', '3')",6,1,50,51
1430,1430,"('o', 'e')",6,1,111,101
1431,1431,"('k', 'm')",6,1,107,109
1432,1432,"('M', 'a')",6,1,77,97
1433,1433,"('y', 'd')",6,1,121,100
1434,1434,"('r', 'h')",6,1,114,104
1435,1435,"('d', '-')",6,1,100,45
1436,1436,"('f', 'c')",6,1,102,99
1437,1437,"('i', 'w')",6,1,105,119
1438,1438,"('p', '0')",6,1,112,48
1439,1439,"('3', '9')",6,1,51,57
1440,1440,"('u', 'o')",6,1,117,111
1441,1441,"('7', '2')",6,1,55,50
1442,1442,"('c', 'z')",6,1,99,122
1443,1443,"('a', 'q')",6,1,97,113
1444,1444,"('s', 'f')",6,1,115,102
1445,1445,"('g', 'g')",6,1,103,103
1446,1446,"('m', 'f')",6,1,109,102
1447,1447,"(' ', '0')",6,1,32,48
1448,1448,"('n', 'j')",6,1,110,106
1449,1449,"('g', 't')",6,1,103,116
1450,1450,"('y', 'l')",6,1,121,108
1451,1451,"('w', 'r')",6,1,119,114
1452,1452,"('-', 'n')",6,1,45,110
1453,1453,"('c', '-')",6,1,99,45
1454,1454,"(' ', 'J')",6,1,32,74
1455,1455,"('f', '1')",6,1,102,49
1456,1456,"('-', '9')",6,1,45,57
1457,1457,"('q', 'w')",6,1,113,119
1458,1458,"('l', 'n')",6,1,108,110
1459,1459,"('h', 'w')",6,1,104,119
1460,1460,"('1', '-')",6,1,49,45
1461,1461,"('E', 'X')",6,1,69,88
1462,1462,"('O', 'M')",6,1,79,77
1463,1463,"('N', 'T')",6,1,78,84
1464,1464,"('x', '9')",6,1,120,57
1465,1465,"('y', 'h')",5,1,121,104
1466,1466,"('h', 'f')",5,1,104,102
1467,1467,"('k', 'n')",5,1,107,110
1468,1468,"('s', '4')",5,1,115,52
1469,1469,"('j', 'u')",5,1,106,117
1470,1470,"('.', '2')",5,1,46,50
1471,1471,"('2', '7')",5,1,50,55
1472,1472,"('t', 'j')",5,1,116,106
1473,1473,"('j', 'd')",5,1,106,100
1474,1474,"('w', '3')",5,1,119,51
1475,1475,"(' ', 'L')",5,1,32,76
1476,1476,"('A', 'C')",5,1,65,67
1477,1477,"('p', 'w')",5,1,112,119
1478,1478,"('5', '6')",5,1,53,54
1479,1479,"('6', '5')",5,1,54,53
1480,1480,"(' ', '7')",5,1,32,55
1481,1481,"('q', 'o')",5,1,113,111
1482,1482,"('b', 'y')",5,1,98,121
1483,1483,"('a', '0')",5,1,97,48
1484,1484,"('3', 'o')",5,1,51,111
1485,1485,"('2', '5')",5,1,50,53
1486,1486,"('n', '1')",5,1,110,49
1487,1487,"('s', '0')",5,1,115,48
1488,1488,"('-', 'S')",5,1,45,83
1489,1489,"('f', 'u')",5,1,102,117
1490,1490,"('-', 't')",5,1,45,116
1491,1491,"('e', 'y')",5,1,101,121
1492,1492,"('X', 'C')",5,1,88,67
1493,1493,"('h', 'c')",5,1,104,99
1494,1494,"(' ', '1')",5,1,32,49
1495,1495,"('h', 'n')",5,1,104,110
1496,1496,"('W', 'a')",5,1,87,97
1497,1497,"('t', '3')",5,1,116,51
1498,1498,"('-', 'p')",5,1,45,112
1499,1499,"(' ', 'E')",5,1,32,69
1500,1500,"('A', 'M')",5,1,65,77
1501,1501,"('m', '1')",5,1,109,49
1502,1502,"('c', '0')",5,1,99,48
1503,1503,"('v', 's')",5,1,118,115
1504,1504,"('v', 'w')",5,1,118,119
1505,1505,"('-', 'g')",5,1,45,103
1506,1506,"('c', 'f')",5,1,99,102
1507,1507,"('i', 'i')",5,1,105,105
1508,1508,"(' ', 'F')",5,1,32,70
1509,1509,"('M', 'E')",5,1,77,69
1510,1510,"('i', 'y')",5,1,105,121
1511,1511,"('g', 'c')",5,1,103,99
1512,1512,"('v', 'c')",5,1,118,99
1513,1513,"('5', '4')",5,1,53,52
1514,1514,"('y', 'u')",5,1,121,117
1515,1515,"('-', 'l')",5,1,45,108
1516,1516,"('5', '7')",5,1,53,55
1517,1517,"('o', '1')",5,1,111,49
1518,1518,"('c', 'd')",5,1,99,100
1519,1519,"('p', 'v')",5,1,112,118
1520,1520,"('4', '7')",5,1,52,55
1521,1521,"('b', 'd')",5,1,98,100
1522,1522,"('u', 'h')",5,1,117,104
1523,1523,"('C', 'H')",5,1,67,72
1524,1524,"('A', 'N')",5,1,65,78
1525,1525,"('E', '.')",5,1,69,46
1526,1526,"('t', '5')",5,1,116,53
1527,1527,"('C', 'O')",5,1,67,79
1528,1528,"('A', 'L')",5,1,65,76
1529,1529,"('i', 'h')",4,1,105,104
1530,1530,"('l', 'g')",4,1,108,103
1531,1531,"('o', 'j')",4,1,111,106
1532,1532,"('q', ' ')",4,1,113,32
1533,1533,"('3', '5')",4,1,51,53
1534,1534,"(' ', '4')",4,1,32,52
1535,1535,"('f', '0')",4,1,102,48
1536,1536,"('.', '9')",4,1,46,57
1537,1537,"('p', 'b')",4,1,112,98
1538,1538,"('i', '0')",4,1,105,48
1539,1539,"('3', 'e')",4,1,51,101
1540,1540,"('y', 't')",4,1,121,116
1541,1541,"('d', '5')",4,1,100,53
1542,1542,"('n', '7')",4,1,110,55
1543,1543,"('a', '9')",4,1,97,57
1544,1544,"('x', 'y')",4,1,120,121
1545,1545,"('b', 'p')",4,1,98,112
1546,1546,"('j', '.')",4,1,106,46
1547,1547,"('3', '6')",4,1,51,54
1548,1548,"('k', 'h')",4,1,107,104
1549,1549,"('e', '2')",4,1,101,50
1550,1550,"('z', '1')",4,1,122,49
1551,1551,"('-', '4')",4,1,45,52
1552,1552,"('b', 'j')",4,1,98,106
1553,1553,"('v', 'd')",4,1,118,100
1554,1554,"('m', 'l')",4,1,109,108
1555,1555,"('-', 'v')",4,1,45,118
1556,1556,"('3', '4')",4,1,51,52
1557,1557,"('h', '-')",4,1,104,45
1558,1558,"('-', '3')",4,1,45,51
1559,1559,"('z', '3')",4,1,122,51
1560,1560,"('8', '1')",4,1,56,49
1561,1561,"('u', 'z')",4,1,117,122
1562,1562,"('8', '0')",4,1,56,48
1563,1563,"('m', '2')",4,1,109,50
1564,1564,"('3', '8')",4,1,51,56
1565,1565,"('y', 'x')",4,1,121,120
1566,1566,"('-', '5')",4,1,45,53
1567,1567,"('v', '1')",4,1,118,49
1568,1568,"('r', '6')",4,1,114,54
1569,1569,"('W', 'e')",4,1,87,101
1570,1570,"('.', 'x')",4,1,46,120
1571,1571,"('M', 'F')",4,1,77,70
1572,1572,"('F', '-')",4,1,70,45
1573,1573,"('9', '6')",4,1,57,54
1574,1574,"('h', 'r')",4,1,104,114
1575,1575,"('D', 'M')",4,1,68,77
1576,1576,"('i', '7')",4,1,105,55
1577,1577,"('P', ' ')",4,1,80,32
1578,1578,"('y', '-')",4,1,121,45
1579,1579,"('x', 'b')",4,1,120,98
1580,1580,"('7', '9')",4,1,55,57
1581,1581,"('v', 'h')",4,1,118,104
1582,1582,"('h', 'g')",4,1,104,103
1583,1583,"('S', '-')",4,1,83,45
1584,1584,"('E', 'S')",4,1,69,83
1585,1585,"('O', 'C')",4,1,79,67
1586,1586,"('-', 'C')",4,1,45,67
1587,1587,"('u', 'f')",4,1,117,102
1588,1588,"('a', '3')",4,1,97,51
1589,1589,"('e', 'q')",4,1,101,113
1590,1590,"('c', 'w')",4,1,99,119
1591,1591,"('-', 'k')",4,1,45,107
1592,1592,"('k', 'l')",4,1,107,108
1593,1593,"('-', 'u')",4,1,45,117
1594,1594,"('c', 'j')",4,1,99,106
1595,1595,"('d', '2')",4,1,100,50
1596,1596,"('o', 'y')",4,1,111,121
1597,1597,"('x', 'e')",4,1,120,101
1598,1598,"('a', '2')",4,1,97,50
1599,1599,"('b', '4')",4,1,98,52
1600,1600,"('m', 'v')",4,1,109,118
1601,1601,"('A', 'R')",4,1,65,82
1602,1602,"('R', 'I')",4,1,82,73
1603,1603,"('.', 'A')",4,1,46,65
1604,1604,"('-', '7')",4,1,45,55
1605,1605,"('c', 'v')",4,1,99,118
1606,1606,"('8', '9')",4,1,56,57
1607,1607,"('s', '8')",4,1,115,56
1608,1608,"('S', 'T')",4,1,83,84
1609,1609,"('3', 'b')",4,1,51,98
1610,1610,"('x', '-')",4,1,120,45
1611,1611,"('m', 'd')",4,1,109,100
1612,1612,"('8', 'n')",4,1,56,110
1613,1613,"('d', 'v')",4,1,100,118
1614,1614,"('9', '1')",4,1,57,49
1615,1615,"('I', 'N')",4,1,73,78
1616,1616,"('3', 's')",4,1,51,115
1617,1617,"('j', 'i')",4,1,106,105
1618,1618,"('-', 'r')",4,1,45,114
1619,1619,"('R', 'E')",4,1,82,69
1620,1620,"('H', 'A')",4,1,72,65
1621,1621,"('4', 'y')",4,1,52,121
1622,1622,"('k', '3')",4,1,107,51
1623,1623,"('G', 'E')",4,1,71,69
1624,1624,"('d', 'h')",4,1,100,104
1625,1625,"('9', '5')",4,1,57,53
1626,1626,"('b', '5')",4,1,98,53
1627,1627,"('f', 'm')",4,1,102,109
1628,1628,"('y', 'm')",4,1,121,109
1629,1629,"('I', 'n')",4,1,73,110
1630,1630,"('.', 'L')",4,1,46,76
1631,1631,"('M', ' ')",4,1,77,32
1632,1632,"('A', 'I')",4,1,65,73
1633,1633,"('L', '.')",4,1,76,46
1634,1634,"('H', 'E')",3,1,72,69
1635,1635,"('E', 'N')",3,1,69,78
1636,1636,"('4', 'i')",3,1,52,105
1637,1637,"('i', '2')",3,1,105,50
1638,1638,"('8', 'k')",3,1,56,107
1639,1639,"('l', 'r')",3,1,108,114
1640,1640,"('x', 'n')",3,1,120,110
1641,1641,"('k', '9')",3,1,107,57
1642,1642,"('r', '7')",3,1,114,55
1643,1643,"('.', '5')",3,1,46,53
1644,1644,"('5', 'w')",3,1,53,119
1645,1645,"('3', '7')",3,1,51,55
1646,1646,"('4', '8')",3,1,52,56
1647,1647,"('r', 'f')",3,1,114,102
1648,1648,"('q', '4')",3,1,113,52
1649,1649,"('L', '1')",3,1,76,49
1650,1650,"('6', 'r')",3,1,54,114
1651,1651,"('z', 'v')",3,1,122,118
1652,1652,"('3', 'q')",3,1,51,113
1653,1653,"('w', '9')",3,1,119,57
1654,1654,"('q', '2')",3,1,113,50
1655,1655,"('z', 'y')",3,1,122,121
1656,1656,"('y', 'g')",3,1,121,103
1657,1657,"('k', '2')",3,1,107,50
1658,1658,"('9', 'k')",3,1,57,107
1659,1659,"('.', '7')",3,1,46,55
1660,1660,"('7', 'u')",3,1,55,117
1661,1661,"('g', 'z')",3,1,103,122
1662,1662,"('.', '6')",3,1,46,54
1663,1663,"('6', '6')",3,1,54,54
1664,1664,"('5', '2')",3,1,53,50
1665,1665,"('4', 'b')",3,1,52,98
1666,1666,"('g', 'f')",3,1,103,102
1667,1667,"('p', '3')",3,1,112,51
1668,1668,"('d', 'b')",3,1,100,98
1669,1669,"('4', 'd')",3,1,52,100
1670,1670,"('h', '5')",3,1,104,53
1671,1671,"('p', 'y')",3,1,112,121
1672,1672,"('8', '2')",3,1,56,50
1673,1673,"('w', 'j')",3,1,119,106
1674,1674,"('v', 'u')",3,1,118,117
1675,1675,"('t', '7')",3,1,116,55
1676,1676,"('r', '9')",3,1,114,57
1677,1677,"('x', 'r')",3,1,120,114
1678,1678,"('b', 'f')",3,1,98,102
1679,1679,"('p', 'n')",3,1,112,110
1680,1680,"('v', '2')",3,1,118,50
1681,1681,"('v', '-')",3,1,118,45
1682,1682,"('y', 'f')",3,1,121,102
1683,1683,"('z', 's')",3,1,122,115
1684,1684,"('D', 'S')",3,1,68,83
1685,1685,"('g', '-')",3,1,103,45
1686,1686,"('c', '3')",3,1,99,51
1687,1687,"('j', 'm')",3,1,106,109
1688,1688,"('0', '8')",3,1,48,56
1689,1689,"('j', 'h')",3,1,106,104
1690,1690,"('x', 't')",3,1,120,116
1691,1691,"('l', 'x')",3,1,108,120
1692,1692,"('n', '4')",3,1,110,52
1693,1693,"('4', '9')",3,1,52,57
1694,1694,"('w', 'd')",3,1,119,100
1695,1695,"('R', 'e')",3,1,82,101
1696,1696,"('e', 'G')",3,1,101,71
1697,1697,"('G', 'r')",3,1,71,114
1698,1698,"('s', 'S')",3,1,115,83
1699,1699,"('4', 'z')",3,1,52,122
1700,1700,"('1', 'n')",3,1,49,110
1701,1701,"('4', 'v')",3,1,52,118
1702,1702,"('g', '5')",3,1,103,53
1703,1703,"('b', 'g')",3,1,98,103
1704,1704,"('b', '7')",3,1,98,55
1705,1705,"('2', '8')",3,1,50,56
1706,1706,"('e', '1')",3,1,101,49
1707,1707,"('A', 'D')",3,1,65,68
1708,1708,"('j', 'y')",3,1,106,121
1709,1709,"('d', 'l')",3,1,100,108
1710,1710,"('k', '1')",3,1,107,49
1711,1711,"('c', '4')",3,1,99,52
1712,1712,"('k', 'w')",3,1,107,119
1713,1713,"('z', 't')",3,1,122,116
1714,1714,"('m', 'g')",3,1,109,103
1715,1715,"('g', '7')",3,1,103,55
1716,1716,"(' ', '8')",3,1,32,56
1717,1717,"('t', 'z')",3,1,116,122
1718,1718,"('v', 'p')",3,1,118,112
1719,1719,"('M', 'S')",3,1,77,83
1720,1720,"('h', 'm')",3,1,104,109
1721,1721,"('k', 'k')",3,1,107,107
1722,1722,"('d', '3')",3,1,100,51
1723,1723,"('D', 'E')",3,1,68,69
1724,1724,"('.', 'P')",3,1,46,80
1725,1725,"('L', ' ')",3,1,76,32
1726,1726,"(' ', 'G')",3,1,32,71
1727,1727,"('C', 'R')",3,1,67,82
1728,1728,"('C', 'A')",3,1,67,65
1729,1729,"('4', 'a')",3,1,52,97
1730,1730,"('4', '0')",3,1,52,48
1731,1731,"('E', ' ')",3,1,69,32
1732,1732,"('y', '4')",3,1,121,52
1733,1733,"('a', '1')",3,1,97,49
1734,1734,"('V', 'i')",3,1,86,105
1735,1735,"('b', 'n')",3,1,98,110
1736,1736,"('7', '8')",3,1,55,56
1737,1737,"('S', ' ')",3,1,83,32
1738,1738,"('-', '8')",3,1,45,56
1739,1739,"('8', '6')",3,1,56,54
1740,1740,"('f', '2')",3,1,102,50
1741,1741,"('-', 'd')",3,1,45,100
1742,1742,"('n', 'v')",3,1,110,118
1743,1743,"('b', ' ')",3,1,98,32
1744,1744,"('s', '5')",3,1,115,53
1745,1745,"('7', 'b')",3,1,55,98
1746,1746,"('6', '9')",3,1,54,57
1747,1747,"('m', '0')",3,1,109,48
1748,1748,"('5', '8')",3,1,53,56
1749,1749,"('8', '7')",3,1,56,55
1750,1750,"('R', 'T')",3,1,82,84
1751,1751,"('d', 'k')",3,1,100,107
1752,1752,"(' ', 'R')",3,1,32,82
1753,1753,"('f', 'w')",3,1,102,119
1754,1754,"('j', 'c')",3,1,106,99
1755,1755,"('T', ' ')",3,1,84,32
1756,1756,"('F', ' ')",3,1,70,32
1757,1757,"('4', '3')",3,1,52,51
1758,1758,"('f', 'g')",3,1,102,103
1759,1759,"('c', 'b')",3,1,99,98
1760,1760,"('l', '3')",3,1,108,51
1761,1761,"('w', '2')",3,1,119,50
1762,1762,"('t', 'x')",3,1,116,120
1763,1763,"('v', 'f')",3,1,118,102
1764,1764,"('9', 'c')",3,1,57,99
1765,1765,"('M', 'I')",3,1,77,73
1766,1766,"('O', 'S')",3,1,79,83
1767,1767,"('z', 'c')",3,1,122,99
1768,1768,"('c', '1')",3,1,99,49
1769,1769,"('.', 'Q')",3,1,46,81
1770,1770,"('Q', 'u')",3,1,81,117
1771,1771,"('-', 'I')",3,1,45,73
1772,1772,"('.', 'S')",3,1,46,83
1773,1773,"('S', 'h')",3,1,83,104
1774,1774,"('x', 'd')",3,1,120,100
1775,1775,"('A', '.')",3,1,65,46
1776,1776,"('C', '.')",3,1,67,46
1777,1777,"('r', '>')",3,1,114,62
1778,1778,"('I', 'L')",3,1,73,76
1779,1779,"('.', 'D')",3,1,46,68
1780,1780,"('S', 'O')",3,1,83,79
1781,1781,"('N', 'G')",3,1,78,71
1782,1782,"('v', 'y')",2,1,118,121
1783,1783,"('f', 'n')",2,1,102,110
1784,1784,"('k', '0')",2,1,107,48
1785,1785,"('0', 'r')",2,1,48,114
1786,1786,"('2', 'q')",2,1,50,113
1787,1787,"('n', '6')",2,1,110,54
1788,1788,"('9', 't')",2,1,57,116
1789,1789,"('w', 'p')",2,1,119,112
1790,1790,"('1', 'h')",2,1,49,104
1791,1791,"('9', '9')",2,1,57,57
1792,1792,"('u', 'q')",2,1,117,113
1793,1793,"('9', 'x')",2,1,57,120
1794,1794,"('r', 'x')",2,1,114,120
1795,1795,"('C', '1')",2,1,67,49
1796,1796,"('4', 'c')",2,1,52,99
1797,1797,"('o', '6')",2,1,111,54
1798,1798,"('v', 't')",2,1,118,116
1799,1799,"('g', 'p')",2,1,103,112
1800,1800,"('8', 't')",2,1,56,116
1801,1801,"('t', 'k')",2,1,116,107
1802,1802,"('1', 'r')",2,1,49,114
1803,1803,"('1', 'k')",2,1,49,107
1804,1804,"('q', 'g')",2,1,113,103
1805,1805,"('j', 'j')",2,1,106,106
1806,1806,"('q', '3')",2,1,113,51
1807,1807,"('y', 'j')",2,1,121,106
1808,1808,"('8', 'b')",2,1,56,98
1809,1809,"('b', 'v')",2,1,98,118
1810,1810,"('2', 'b')",2,1,50,98
1811,1811,"('b', '6')",2,1,98,54
1812,1812,"('6', '-')",2,1,54,45
1813,1813,"('4', '-')",2,1,52,45
1814,1814,"('m', '7')",2,1,109,55
1815,1815,"('d', '4')",2,1,100,52
1816,1816,"('q', 'a')",2,1,113,97
1817,1817,"('k', 'q')",2,1,107,113
1818,1818,"('4', 'e')",2,1,52,101
1819,1819,"('w', '6')",2,1,119,54
1820,1820,"('5', 'b')",2,1,53,98
1821,1821,"('p', '6')",2,1,112,54
1822,1822,"('5', 'a')",2,1,53,97
1823,1823,"('9', '8')",2,1,57,56
1824,1824,"('2', 'm')",2,1,50,109
1825,1825,"('2', 'h')",2,1,50,104
1826,1826,"('f', 'j')",2,1,102,106
1827,1827,"('m', '8')",2,1,109,56
1828,1828,"('n', 'r')",2,1,110,114
1829,1829,"('.', '4')",2,1,46,52
1830,1830,"('4', 't')",2,1,52,116
1831,1831,"('1', 's')",2,1,49,115
1832,1832,"('n', '5')",2,1,110,53
1833,1833,"('b', 'S')",2,1,98,83
1834,1834,"('v', 'z')",2,1,118,122
1835,1835,"('6', '1')",2,1,54,49
1836,1836,"('1', 'd')",2,1,49,100
1837,1837,"('W', 'D')",2,1,87,68
1838,1838,"('M', 's')",2,1,77,115
1839,1839,"('z', '7')",2,1,122,55
1840,1840,"('r', 'D')",2,1,114,68
1841,1841,"('S', 'P')",2,1,83,80
1842,1842,"('V', 'e')",2,1,86,101
1843,1843,"('j', 'f')",2,1,106,102
1844,1844,"('p', 'g')",2,1,112,103
1845,1845,"('w', 'm')",2,1,119,109
1846,1846,"('h', 'p')",2,1,104,112
1847,1847,"('2', 's')",2,1,50,115
1848,1848,"('u', '-')",2,1,117,45
1849,1849,"('L', 'a')",2,1,76,97
1850,1850,"('0', 't')",2,1,48,116
1851,1851,"('e', '5')",2,1,101,53
1852,1852,"('B', 'A')",2,1,66,65
1853,1853,"('A', 'S')",2,1,65,83
1854,1854,"('a', '5')",2,1,97,53
1855,1855,"('0', 'x')",2,1,48,120
1856,1856,"('3', '1')",2,1,51,49
1857,1857,"('7', 'x')",2,1,55,120
1858,1858,"('8', 'l')",2,1,56,108
1859,1859,"('q', 'v')",2,1,113,118
1860,1860,"('f', 'x')",2,1,102,120
1861,1861,"('3', 'a')",2,1,51,97
1862,1862,"('g', '2')",2,1,103,50
1863,1863,"('4', '4')",2,1,52,52
1864,1864,"('h', '7')",2,1,104,55
1865,1865,"('j', 'v')",2,1,106,118
1866,1866,"('3', 'y')",2,1,51,121
1867,1867,"('G', '4')",2,1,71,52
1868,1868,"('3', 'j')",2,1,51,106
1869,1869,"('y', '5')",2,1,121,53
1870,1870,"('S', 'D')",2,1,83,68
1871,1871,"('.', 'K')",2,1,46,75
1872,1872,"('K', '.')",2,1,75,46
1873,1873,"('3', 'r')",2,1,51,114
1874,1874,"('E', 'x')",2,1,69,120
1875,1875,"('e', 'S')",2,1,101,83
1876,1876,"('R', 'M')",2,1,82,77
1877,1877,"('U', 'M')",2,1,85,77
1878,1878,"('t', '4')",2,1,116,52
1879,1879,"('q', 'l')",2,1,113,108
1880,1880,"('2', 'p')",2,1,50,112
1881,1881,"('a', '6')",2,1,97,54
1882,1882,"('F', 'A')",2,1,70,65
1883,1883,"('R', 'S')",2,1,82,83
1884,1884,"('-', 'L')",2,1,45,76
1885,1885,"('G', 'H')",2,1,71,72
1886,1886,"('w', 'k')",2,1,119,107
1887,1887,"('C', 'I')",2,1,67,73
1888,1888,"('s', 'z')",2,1,115,122
1889,1889,"('m', '>')",2,1,109,62
1890,1890,"('J', 'A')",2,1,74,65
1891,1891,"('0', 's')",2,1,48,115
1892,1892,"('8', 'u')",2,1,56,117
1893,1893,"('1', 'g')",2,1,49,103
1894,1894,"('d', 'j')",2,1,100,106
1895,1895,"('k', 'x')",2,1,107,120
1896,1896,"('F', 'T')",2,1,70,84
1897,1897,"('T', 'P')",2,1,84,80
1898,1898,"('j', 'l')",2,1,106,108
1899,1899,"('T', 'O')",2,1,84,79
1900,1900,"('O', 'N')",2,1,79,78
1901,1901,"('5', 'n')",2,1,53,110
1902,1902,"('g', '8')",2,1,103,56
1903,1903,"('1', 'w')",2,1,49,119
1904,1904,"('4', '1')",2,1,52,49
1905,1905,"('p', '7')",2,1,112,55
1906,1906,"('-', 'O')",2,1,45,79
1907,1907,"('O', 'r')",2,1,79,114
1908,1908,"('x', 'm')",2,1,120,109
1909,1909,"('B', 'c')",2,1,66,99
1910,1910,"('u', 'C')",2,1,117,67
1911,1911,"('h', 'S')",2,1,104,83
1912,1912,"('l', 'z')",2,1,108,122
1913,1913,"('x', 'o')",2,1,120,111
1914,1914,"('p', '9')",2,1,112,57
1915,1915,"('9', 'g')",2,1,57,103
1916,1916,"('g', 'q')",2,1,103,113
1917,1917,"('z', 'm')",2,1,122,109
1918,1918,"('p', 'k')",2,1,112,107
1919,1919,"('5', 'y')",2,1,53,121
1920,1920,"('p', 'q')",2,1,112,113
1921,1921,"('2', 'w')",2,1,50,119
1922,1922,"('O', 'P')",2,1,79,80
1923,1923,"('P', 'Q')",2,1,80,81
1924,1924,"('w', '4')",2,1,119,52
1925,1925,"('e', '9')",2,1,101,57
1926,1926,"('8', '4')",2,1,56,52
1927,1927,"('6', '4')",2,1,54,52
1928,1928,"('-', 'x')",2,1,45,120
1929,1929,"('7', 'r')",2,1,55,114
1930,1930,"('l', '5')",2,1,108,53
1931,1931,"('h', 'b')",2,1,104,98
1932,1932,"('9', '-')",2,1,57,45
1933,1933,"('9', '0')",2,1,57,48
1934,1934,"('.', 'N')",2,1,46,78
1935,1935,"('N', 'E')",2,1,78,69
1936,1936,"(' ', 'V')",2,1,32,86
1937,1937,"('4', 's')",2,1,52,115
1938,1938,"('y', 'i')",2,1,121,105
1939,1939,"('h', '1')",2,1,104,49
1940,1940,"('v', '4')",2,1,118,52
1941,1941,"('E', 'G')",2,1,69,71
1942,1942,"('.', 'T')",2,1,46,84
1943,1943,"('C', 'C')",2,1,67,67
1944,1944,"('N', 'D')",2,1,78,68
1945,1945,"('i', '1')",2,1,105,49
1946,1946,"('b', 'w')",2,1,98,119
1947,1947,"(' ', '3')",2,1,32,51
1948,1948,"('I', 'C')",2,1,73,67
1949,1949,"('R', 'O')",2,1,82,79
1950,1950,"('G', 'I')",2,1,71,73
1951,1951,"('R', 'Y')",2,1,82,89
1952,1952,"('T', 'A')",2,1,84,65
1953,1953,"('g', '1')",2,1,103,49
1954,1954,"('s', 'j')",2,1,115,106
1955,1955,"('1', 'b')",2,1,49,98
1956,1956,"('i', 'q')",2,1,105,113
1957,1957,"('4', '2')",2,1,52,50
1958,1958,"('o', '4')",2,1,111,52
1959,1959,"('1', 'a')",2,1,49,97
1960,1960,"('y', 'w')",2,1,121,119
1961,1961,"('5', 'd')",2,1,53,100
1962,1962,"('e', '8')",2,1,101,56
1963,1963,"('8', '5')",2,1,56,53
1964,1964,"('x', 'x')",2,1,120,120
1965,1965,"('8', 'h')",2,1,56,104
1966,1966,"('d', 'w')",2,1,100,119
1967,1967,"('7', 's')",2,1,55,115
1968,1968,"('h', 'v')",2,1,104,118
1969,1969,"('v', 'v')",2,1,118,118
1970,1970,"('v', 'n')",2,1,118,110
1971,1971,"('A', 'T')",2,1,65,84
1972,1972,"('q', '1')",2,1,113,49
1973,1973,"('1', 't')",2,1,49,116
1974,1974,"('1', 'm')",2,1,49,109
1975,1975,"('y', 'y')",2,1,121,121
1976,1976,"('O', 'A')",2,1,79,65
1977,1977,"('E', '-')",2,1,69,45
1978,1978,"('.', 'O')",2,1,46,79
1979,1979,"('S', '8')",2,1,83,56
1980,1980,"('.', 'M')",2,1,46,77
1981,1981,"('j', 't')",2,1,106,116
1982,1982,"(' ', 'H')",2,1,32,72
1983,1983,"('H', 'Q')",2,1,72,81
1984,1984,"('Q', 'G')",2,1,81,71
1985,1985,"('G', 'W')",2,1,71,87
1986,1986,"('W', '9')",2,1,87,57
1987,1987,"('e', '4')",2,1,101,52
1988,1988,"('r', '5')",2,1,114,53
1989,1989,"('n', 'S')",2,1,110,83
1990,1990,"('N', 'S')",2,1,78,83
1991,1991,"('-', 'z')",2,1,45,122
1992,1992,"('e', 'I')",2,1,101,73
1993,1993,"('P', 'A')",2,1,80,65
1994,1994,"('L', 'E')",2,1,76,69
1995,1995,"('Y', '.')",2,1,89,46
1996,1996,"('U', 'S')",2,1,85,83
1997,1997,"(' ', 'N')",2,1,32,78
1998,1998,"('T', 'S')",2,1,84,83
1999,1999,"('I', 'R')",2,1,73,82
2000,2000,"('C', 'L')",2,1,67,76
2001,2001,"('L', 'C')",2,1,76,67
2002,2002,"('C', 'B')",2,1,67,66
2003,2003,"('B', 'C')",2,1,66,67
2004,2004,"('L', 'O')",2,1,76,79
2005,2005,"('E', 'A')",2,1,69,65
2006,2006,"('d', 'R')",2,1,100,82
2007,2007,"('S', 'R')",2,1,83,82
2008,2008,"('I', 'M')",2,1,73,77
2009,2009,"('y', '2')",2,1,121,50
2010,2010,"('0', 'a')",2,1,48,97
2011,2011,"('O', 'F')",2,1,79,70
2012,2012,"('y', 'r')",2,1,121,114
2013,2013,"('g', 'w')",2,1,103,119
2014,2014,"('T', 'E')",2,1,84,69
2015,2015,"('J', 'M')",2,1,74,77
2016,2016,"('M', 'V')",2,1,77,86
2017,2017,"('V', 'U')",2,1,86,85
2018,2018,"('R', 'G')",2,1,82,71
2019,2019,"('I', 'A')",2,1,73,65
2020,2020,"('u', 'v')",2,1,117,118
2021,2021,"('T', '.')",2,1,84,46
2022,2022,"('L', 'L')",2,1,76,76
2023,2023,"('v', 'k')",2,1,118,107
2024,2024,"('l', 'k')",2,1,108,107
2025,2025,"('A', 'K')",1,1,65,75
2026,2026,"('K', 'H')",1,1,75,72
2027,2027,"('N', 'J')",1,1,78,74
2028,2028,"('J', 'J')",1,1,74,74
2029,2029,"('J', ' ')",1,1,74,32
2030,2030,"(' ', ' ')",1,1,32,32
2031,2031,"('6', 's')",1,1,54,115
2032,2032,"('9', 'o')",1,1,57,111
2033,2033,"('o', '8')",1,1,111,56
2034,2034,"('p', '8')",1,1,112,56
2035,2035,"('q', 'm')",1,1,113,109
2036,2036,"('b', '0')",1,1,98,48
2037,2037,"('u', '7')",1,1,117,55
2038,2038,"('7', 'c')",1,1,55,99
2039,2039,"('2', 'l')",1,1,50,108
2040,2040,"('z', 'g')",1,1,122,103
2041,2041,"('l', '9')",1,1,108,57
2042,2042,"('p', 'z')",1,1,112,122
2043,2043,"('z', 'n')",1,1,122,110
2044,2044,"('o', '3')",1,1,111,51
2045,2045,"('8', 'i')",1,1,56,105
2046,2046,"('i', '8')",1,1,105,56
2047,2047,"('r', 'j')",1,1,114,106
2048,2048,"('7', 'w')",1,1,55,119
2049,2049,"('d', 'f')",1,1,100,102
2050,2050,"('8', 'c')",1,1,56,99
2051,2051,"('c', '9')",1,1,99,57
2052,2052,"('v', 'b')",1,1,118,98
2053,2053,"('a', '4')",1,1,97,52
2054,2054,"('C', '2')",1,1,67,50
2055,2055,"('1', 'f')",1,1,49,102
2056,2056,"('9', 'h')",1,1,57,104
2057,2057,"('2', 'x')",1,1,50,120
2058,2058,"('d', '8')",1,1,100,56
2059,2059,"('k', 'f')",1,1,107,102
2060,2060,"('f', 'd')",1,1,102,100
2061,2061,"('k', '4')",1,1,107,52
2062,2062,"('4', 'q')",1,1,52,113
2063,2063,"('b', '9')",1,1,98,57
2064,2064,"('7', 'j')",1,1,55,106
2065,2065,"('1', 'i')",1,1,49,105
2066,2066,"('y', 'k')",1,1,121,107
2067,2067,"('2', 'u')",1,1,50,117
2068,2068,"(' ', '9')",1,1,32,57
2069,2069,"('0', 'm')",1,1,48,109
2070,2070,"('6', 'j')",1,1,54,106
2071,2071,"('4', 'h')",1,1,52,104
2072,2072,"('6', 'd')",1,1,54,100
2073,2073,"('6', 'n')",1,1,54,110
2074,2074,"('9', '4')",1,1,57,52
2075,2075,"('0', 'l')",1,1,48,108
2076,2076,"('l', '7')",1,1,108,55
2077,2077,"('4', 'm')",1,1,52,109
2078,2078,"('u', '5')",1,1,117,53
2079,2079,"('C', 'a')",1,1,67,97
2080,2080,"('f', '3')",1,1,102,51
2081,2081,"('r', '8')",1,1,114,56
2082,2082,"('w', 'g')",1,1,119,103
2083,2083,"('u', 'u')",1,1,117,117
2084,2084,"('u', '0')",1,1,117,48
2085,2085,"('u', 'y')",1,1,117,121
2086,2086,"('2', 'f')",1,1,50,102
2087,2087,"('6', 'm')",1,1,54,109
2088,2088,"('8', '3')",1,1,56,51
2089,2089,"('3', 'p')",1,1,51,112
2090,2090,"('k', '5')",1,1,107,53
2091,2091,"('9', 'n')",1,1,57,110
2092,2092,"('i', 'M')",1,1,105,77
2093,2093,"('c', 'W')",1,1,99,87
2094,2094,"('6', 'z')",1,1,54,122
2095,2095,"('4', 'g')",1,1,52,103
2096,2096,"('-', 'G')",1,1,45,71
2097,2097,"('G', 'o')",1,1,71,111
2098,2098,"(' ', 'Y')",1,1,32,89
2099,2099,"('Y', '9')",1,1,89,57
2100,2100,"('s', 'x')",1,1,115,120
2101,2101,"('x', '0')",1,1,120,48
2102,2102,"('s', '9')",1,1,115,57
2103,2103,"('-', 'H')",1,1,45,72
2104,2104,"('H', 'y')",1,1,72,121
2105,2105,"('o', 'V')",1,1,111,86
2106,2106,"(' ', 'X')",1,1,32,88
2107,2107,"('C', '4')",1,1,67,52
2108,2108,"('o', '5')",1,1,111,53
2109,2109,"('9', 'b')",1,1,57,98
2110,2110,"('.', '3')",1,1,46,51
2111,2111,"('t', 'q')",1,1,116,113
2112,2112,"('-', 'R')",1,1,45,82
2113,2113,"('d', 'H')",1,1,100,72
2114,2114,"('H', 'a')",1,1,72,97
2115,2115,"('t', 'E')",1,1,116,69
2116,2116,"('-', 'N')",1,1,45,78
2117,2117,"('N', 'O')",1,1,78,79
2118,2118,"('C', 'P')",1,1,67,80
2119,2119,"('P', '.')",1,1,80,46
2120,2120,"('-', 'P')",1,1,45,80
2121,2121,"('t', '9')",1,1,116,57
2122,2122,"('0', 'd')",1,1,48,100
2123,2123,"('d', 'q')",1,1,100,113
2124,2124,"('v', '6')",1,1,118,54
2125,2125,"('x', '3')",1,1,120,51
2126,2126,"('2', 'g')",1,1,50,103
2127,2127,"('g', '9')",1,1,103,57
2128,2128,"('S', 'X')",1,1,83,88
2129,2129,"('X', 's')",1,1,88,115
2130,2130,"('3', 'm')",1,1,51,109
2131,2131,"('7', 'g')",1,1,55,103
2132,2132,"('2', 'd')",1,1,50,100
2133,2133,"('x', 'v')",1,1,120,118
2134,2134,"('4', '6')",1,1,52,54
2135,2135,"('w', 'v')",1,1,119,118
2136,2136,"('j', '3')",1,1,106,51
2137,2137,"('f', 'k')",1,1,102,107
2138,2138,"('5', 'x')",1,1,53,120
2139,2139,"('E', 'g')",1,1,69,103
2140,2140,"('n', 'G')",1,1,110,71
2141,2141,"('4', 'S')",1,1,52,83
2142,2142,"('S', 's')",1,1,83,115
2143,2143,"('g', 'k')",1,1,103,107
2144,2144,"('u', '3')",1,1,117,51
2145,2145,"('8', 'w')",1,1,56,119
2146,2146,"('o', '0')",1,1,111,48
2147,2147,"('E', '2')",1,1,69,50
2148,2148,"('M', 'e')",1,1,77,101
2149,2149,"('P', 'L')",1,1,80,76
2150,2150,"('G', 'D')",1,1,71,68
2151,2151,"('c', 'O')",1,1,99,79
2152,2152,"('O', 'f')",1,1,79,102
2153,2153,"('M', '.')",1,1,77,46
2154,2154,"('.', 'U')",1,1,46,85
2155,2155,"('M', 'o')",1,1,77,111
2156,2156,"('A', ' ')",1,1,65,32
2157,2157,"('w', 'l')",1,1,119,108
2158,2158,"('w', 'c')",1,1,119,99
2159,2159,"('L', '5')",1,1,76,53
2160,2160,"('5', 'R')",1,1,53,82
2161,2161,"('I', 'G')",1,1,73,71
2162,2162,"('I', '.')",1,1,73,46
2163,2163,"('5', 's')",1,1,53,115
2164,2164,"('m', 'V')",1,1,109,86
2165,2165,"('b', '-')",1,1,98,45
2166,2166,"('l', '>')",1,1,108,62
2167,2167,"('f', 'p')",1,1,102,112
2168,2168,"('5', 'z')",1,1,53,122
2169,2169,"('z', 'd')",1,1,122,100
2170,2170,"('d', '7')",1,1,100,55
2171,2171,"('3', 'd')",1,1,51,100
2172,2172,"('w', '-')",1,1,119,45
2173,2173,"('4', 'f')",1,1,52,102
2174,2174,"('8', '8')",1,1,56,56
2175,2175,"('8', 'm')",1,1,56,109
2176,2176,"('w', 'y')",1,1,119,121
2177,2177,"('y', '1')",1,1,121,49
2178,2178,"('j', 'z')",1,1,106,122
2179,2179,"('x', 'q')",1,1,120,113
2180,2180,"('N', '0')",1,1,78,48
2181,2181,"('1', 'q')",1,1,49,113
2182,2182,"(' ', '-')",1,1,32,45
2183,2183,"('0', 'y')",1,1,48,121
2184,2184,"('j', '7')",1,1,106,55
2185,2185,"('m', '4')",1,1,109,52
2186,2186,"('7', 'p')",1,1,55,112
2187,2187,"('s', '_')",1,1,115,95
2188,2188,"('_', 'x')",1,1,95,120
2189,2189,"('1', 'o')",1,1,49,111
2190,2190,"('c', '_')",1,1,99,95
2191,2191,"('_', 'i')",1,1,95,105
2192,2192,"('P', 'E')",1,1,80,69
2193,2193,"('T', 'H')",1,1,84,72
2194,2194,"('H', ' ')",1,1,72,32
2195,2195,"('q', 'b')",1,1,113,98
2196,2196,"('R', 'a')",1,1,82,97
2197,2197,"('5', 'p')",1,1,53,112
2198,2198,"('9', 'i')",1,1,57,105
2199,2199,"('x', 'f')",1,1,120,102
2200,2200,"('w', '5')",1,1,119,53
2201,2201,"('i', '6')",1,1,105,54
2202,2202,"('h', '2')",1,1,104,50
2203,2203,"('Q', 'M')",1,1,81,77
2204,2204,"('M', 'K')",1,1,77,75
2205,2205,"('K', 'R')",1,1,75,82
2206,2206,"('M', '8')",1,1,77,56
2207,2207,"('8', 'A')",1,1,56,65
2208,2208,"('U', '1')",1,1,85,49
2209,2209,"('4', 'V')",1,1,52,86
2210,2210,"('V', 'F')",1,1,86,70
2211,2211,"('e', '7')",1,1,101,55
2212,2212,"('u', '2')",1,1,117,50
2213,2213,"('2', 'o')",1,1,50,111
2214,2214,"('e', '6')",1,1,101,54
2215,2215,"('6', '8')",1,1,54,56
2216,2216,"('q', '6')",1,1,113,54
2217,2217,"('6', 'q')",1,1,54,113
2218,2218,"('4', 'l')",1,1,52,108
2219,2219,"('t', '>')",1,1,116,62
2220,2220,"('A', 'X')",1,1,65,88
2221,2221,"('X', ' ')",1,1,88,32
2222,2222,"('c', 'x')",1,1,99,120
2223,2223,"('q', 'f')",1,1,113,102
2224,2224,"('q', '8')",1,1,113,56
2225,2225,"('8', 'g')",1,1,56,103
2226,2226,"('q', '9')",1,1,113,57
2227,2227,"('1', 'y')",1,1,49,121
2228,2228,"('v', '7')",1,1,118,55
2229,2229,"('e', 'j')",1,1,101,106
2230,2230,"('P', '0')",1,1,80,48
2231,2231,"('X', 'L')",1,1,88,76
2232,2232,"('L', 'I')",1,1,76,73
2233,2233,"('N', 'K')",1,1,78,75
2234,2234,"('E', 'T')",1,1,69,84
2235,2235,"('d', 'B')",1,1,100,66
2236,2236,"('B', 'y')",1,1,66,121
2237,2237,"('y', 'V')",1,1,121,86
2238,2238,"('8', '-')",1,1,56,45
2239,2239,"('p', 'd')",1,1,112,100
2240,2240,"('u', 'w')",1,1,117,119
2241,2241,"('l', '4')",1,1,108,52
2242,2242,"('g', 'm')",1,1,103,109
2243,2243,"('G', 'R')",1,1,71,82
2244,2244,"('H', 'O')",1,1,72,79
2245,2245,"('R', '2')",1,1,82,50
2246,2246,"('T', 'C')",1,1,84,67
2247,2247,"('C', ' ')",1,1,67,32
2248,2248,"('S', 'y')",1,1,83,121
2249,2249,"(' ', '%')",1,1,32,37
2250,2250,"('%', 'R')",1,1,37,82
2251,2251,"('R', 'N')",1,1,82,78
2252,2252,"('D', 'U')",1,1,68,85
2253,2253,"('U', 'C')",1,1,85,67
2254,2254,"('R', '1')",1,1,82,49
2255,2255,"('6', 'f')",1,1,54,102
2256,2256,"('7', 'm')",1,1,55,109
2257,2257,"('7', 'h')",1,1,55,104
2258,2258,"('d', '0')",1,1,100,48
2259,2259,"('0', 'e')",1,1,48,101
2260,2260,"('3', 'u')",1,1,51,117
2261,2261,"('d', 'x')",1,1,100,120
2262,2262,"('v', 'j')",1,1,118,106
2263,2263,"('j', '9')",1,1,106,57
2264,2264,"('3', 'h')",1,1,51,104
2265,2265,"('S', '1')",1,1,83,49
2266,2266,"('I', 'S')",1,1,73,83
2267,2267,"('T', 'R')",1,1,84,82
2268,2268,"('Y', 'A')",1,1,89,65
2269,2269,"('D', 'V')",1,1,68,86
2270,2270,"('V', 'A')",1,1,86,65
2271,2271,"('A', 'G')",1,1,65,71
2272,2272,"('4', 'T')",1,1,52,84
2273,2273,"('T', 'o')",1,1,84,111
2274,2274,"('R', ' ')",1,1,82,32
2275,2275,"('g', '3')",1,1,103,51
2276,2276,"('3', 'i')",1,1,51,105
2277,2277,"('y', 'v')",1,1,121,118
2278,2278,"('6', 'w')",1,1,54,119
2279,2279,"('5', 'g')",1,1,53,103
2280,2280,"('j', 'n')",1,1,106,110
2281,2281,"('.', 'G')",1,1,46,71
2282,2282,"('G', 'i')",1,1,71,105
2283,2283,"('c', '5')",1,1,99,53
2284,2284,"('f', '6')",1,1,102,54
2285,2285,"('o', 'z')",1,1,111,122
2286,2286,"('9', 's')",1,1,57,115
2287,2287,"('s', '6')",1,1,115,54
2288,2288,"('7', 'o')",1,1,55,111
2289,2289,"('5', 'c')",1,1,53,99
2290,2290,"('2', 'y')",1,1,50,121
2291,2291,"('j', 's')",1,1,106,115
2292,2292,"('6', 't')",1,1,54,116
2293,2293,"('t', '8')",1,1,116,56
2294,2294,"('3', 'l')",1,1,51,108
2295,2295,"('y', '8')",1,1,121,56
2296,2296,"('S', 'B')",1,1,83,66
2297,2297,"('B', 'S')",1,1,66,83
2298,2298,"('j', '5')",1,1,106,53
2299,2299,"('5', 'l')",1,1,53,108
2300,2300,"('0', 'o')",1,1,48,111
2301,2301,"('h', '8')",1,1,104,56
2302,2302,"('8', 'p')",1,1,56,112
2303,2303,"('6', 'k')",1,1,54,107
2304,2304,"('m', 'z')",1,1,109,122
2305,2305,"('q', 'p')",1,1,113,112
2306,2306,"('B', 'Z')",1,1,66,90
2307,2307,"('Z', 's')",1,1,90,115
2308,2308,"('4', 'o')",1,1,52,111
2309,2309,"('P', 'r')",1,1,80,114
2310,2310,"('S', 'q')",1,1,83,113
2311,2311,"('5', 'v')",1,1,53,118
2312,2312,"('i', '4')",1,1,105,52
2313,2313,"('z', 'j')",1,1,122,106
2314,2314,"('l', 'j')",1,1,108,106
2315,2315,"('z', '6')",1,1,122,54
2316,2316,"('3', 'g')",1,1,51,103
2317,2317,"(' ', 'T')",1,1,32,84
2318,2318,"('T', 'X')",1,1,84,88
2319,2319,"('X', '4')",1,1,88,52
2320,2320,"('4', 'D')",1,1,52,68
2321,2321,"('T', '0')",1,1,84,48
2322,2322,"('b', 'z')",1,1,98,122
2323,2323,"('A', 'E')",1,1,65,69
2324,2324,"('S', '3')",1,1,83,51
2325,2325,"('O', 'c')",1,1,79,99
2326,2326,"('2', 'i')",1,1,50,105
2327,2327,"('r', 'z')",1,1,114,122
2328,2328,"('L', 'B')",1,1,76,66
2329,2329,"('B', 'R')",1,1,66,82
2330,2330,"('M', 'G')",1,1,77,71
2331,2331,"('G', 'S')",1,1,71,83
2332,2332,"('F', 'H')",1,1,70,72
2333,2333,"('H', 'S')",1,1,72,83
2334,2334,"('S', 'V')",1,1,83,86
2335,2335,"('V', 'R')",1,1,86,82
2336,2336,"('R', '0')",1,1,82,48
2337,2337,"('L', 'o')",1,1,76,111
2338,2338,"('C', 'g')",1,1,67,103
2339,2339,"('-', 'E')",1,1,45,69
2340,2340,"('A', 'g')",1,1,65,103
2341,2341,"('2', 'c')",1,1,50,99
2342,2342,"('5', 'h')",1,1,53,104
2343,2343,"('j', '-')",1,1,106,45
2344,2344,"('x', 'g')",1,1,120,103
2345,2345,"('z', 'l')",1,1,122,108
2346,2346,"('5', 'o')",1,1,53,111
2347,2347,"('x', 'z')",1,1,120,122
2348,2348,"('9', 'j')",1,1,57,106
2349,2349,"('A', 'd')",1,1,65,100
2350,2350,"('v', '3')",1,1,118,51
2351,2351,"('W', 'I')",1,1,87,73
2352,2352,"('E', 'V')",1,1,69,86
2353,2353,"('V', '1')",1,1,86,49
2354,2354,"('1', 'S')",1,1,49,83
2355,2355,"('-', 'W')",1,1,45,87
2356,2356,"('W', 'P')",1,1,87,80
2357,2357,"('Q', 'W')",1,1,81,87
2358,2358,"('W', 'O')",1,1,87,79
2359,2359,"('6', 'o')",1,1,54,111
2360,2360,"('h', '0')",1,1,104,48
2361,2361,"(' ', ',')",1,1,32,44
2362,2362,"(',', ' ')",1,1,44,32
2363,2363,"('w', 'x')",1,1,119,120
2364,2364,"('1', 'v')",1,1,49,118
2365,2365,"('h', '3')",1,1,104,51
2366,2366,"('o', '9')",1,1,111,57
2367,2367,"('y', '6')",1,1,121,54
2368,2368,"('6', 'x')",1,1,54,120
2369,2369,"('D', 'C')",1,1,68,67
2370,2370,"('v', 'x')",1,1,118,120
2371,2371,"('W', 'i')",1,1,87,105
2372,2372,"('.', 'F')",1,1,46,70
2373,2373,"('F', 'i')",1,1,70,105
2374,2374,"('I', 'm')",1,1,73,109
2375,2375,"('A', 'U')",1,1,65,85
2376,2376,"('U', 'L')",1,1,85,76
2377,2377,"('L', 'W')",1,1,76,87
2378,2378,"('W', 'E')",1,1,87,69
2379,2379,"('S', 'L')",1,1,83,76
2380,2380,"('E', 'Y')",1,1,69,89
2381,2381,"('d', 'z')",1,1,100,122
2382,2382,"('s', 'q')",1,1,115,113
2383,2383,"('q', 'r')",1,1,113,114
2384,2384,"('P', 'B')",1,1,80,66
2385,2385,"('B', 'X')",1,1,66,88
2386,2386,"('X', '-')",1,1,88,45
2387,2387,"('C', 'W')",1,1,67,87
2388,2388,"('W', '-')",1,1,87,45
2389,2389,"('-', 'U')",1,1,45,85
2390,2390,"('L', '-')",1,1,76,45
2391,2391,"('c', 'y')",1,1,99,121
2392,2392,"('w', 'b')",1,1,119,98
2393,2393,"('R', 'C')",1,1,82,67
2394,2394,"('C', 'U')",1,1,67,85
2395,2395,"('U', 'R')",1,1,85,82
2396,2396,"('M', 'c')",1,1,77,99
2397,2397,"('c', 'N')",1,1,99,78
2398,2398,"('N', 'a')",1,1,78,97
2399,2399,"('S', 'I')",1,1,83,73
2400,2400,"('I', 'U')",1,1,73,85
2401,2401,"('S', 'N')",1,1,83,78
2402,2402,"('T', '2')",1,1,84,50
2403,2403,"('.', 'E')",1,1,46,69
2404,2404,"('D', 'r')",1,1,68,114
2405,2405,"('7', '7')",1,1,55,55
2406,2406,"('7', 'l')",1,1,55,108
2407,2407,"('.', 'B')",1,1,46,66
2408,2408,"('B', 'r')",1,1,66,114
2409,2409,"('p', '_')",1,1,112,95
2410,2410,"('_', 'l')",1,1,95,108
2411,2411,"('1', 'M')",1,1,49,77
2412,2412,"('k', 'p')",1,1,107,112
2413,2413,"('0', 'f')",1,1,48,102
2414,2414,"('.', 'Y')",1,1,46,89
2415,2415,"('Y', 'i')",1,1,89,105
2416,2416,"('m', '3')",1,1,109,51
2417,2417,"('f', '8')",1,1,102,56
2418,2418,"('u', '9')",1,1,117,57
2419,2419,"('y', 'z')",1,1,121,122
2420,2420,"('1', 'c')",1,1,49,99
2421,2421,"('C', 'p')",1,1,67,112
2422,2422,"('R', 'o')",1,1,82,111
2423,2423,"('a', 'F')",1,1,97,70
2424,2424,"('F', 'a')",1,1,70,97
2425,2425,"('J', 'O')",1,1,74,79
2426,2426,"('O', 'E')",1,1,79,69
2427,2427,"('o', 'q')",1,1,111,113
2428,2428,"('F', 'S')",1,1,70,83
2429,2429,"('P', 'C')",1,1,80,67
2430,2430,"('C', '0')",1,1,67,48
2431,2431,"('g', 'v')",1,1,103,118
2432,2432,"('v', '0')",1,1,118,48
2433,2433,"('3', 'S')",1,1,51,83
2434,2434,"('h', 'd')",1,1,104,100
2435,2435,"('D', 'o')",1,1,68,111
2436,2436,"('2', 'A')",1,1,50,65
2437,2437,"('A', '6')",1,1,65,54
2438,2438,"('7', 'A')",1,1,55,65
2439,2439,"('A', '2')",1,1,65,50
2440,2440,"('J', 'T')",1,1,74,84
2441,2441,"('T', 'N')",1,1,84,78
2442,2442,"('N', 'V')",1,1,78,86
2443,2443,"('z', 'h')",1,1,122,104
2444,2444,"('n', '2')",1,1,110,50
2445,2445,"('P', 'O')",1,1,80,79
2446,2446,"('U', 'E')",1,1,85,69
2447,2447,"('H', '.')",1,1,72,46
2448,2448,"('.', 'J')",1,1,46,74
2449,2449,"('U', 'F')",1,1,85,70
2450,2450,"('F', 'L')",1,1,70,76
2451,2451,"('V', 'I')",1,1,86,73
2452,2452,"('N', 'I')",1,1,78,73
2453,2453,"('C', '3')",1,1,67,51
2454,2454,"('6', 'E')",1,1,54,69
2455,2455,"('E', 'C')",1,1,69,67
2456,2456,"('C', '9')",1,1,67,57
2457,2457,"('9', 'F')",1,1,57,70
2458,2458,"(' ', '?')",1,1,32,63
2459,2459,"('?', ' ')",1,1,63,32
2460,2460,"('S', 'Y')",1,1,83,89
2461,2461,"('Y', 'B')",1,1,89,66
2462,2462,"('B', 'E')",1,1,66,69
2463,2463,"('I', 'O')",1,1,73,79
2464,2464,"('N', '.')",1,1,78,46
2465,2465,"('M', 'P')",1,1,77,80
2466,2466,"('A', 'Q')",1,1,65,81
2467,2467,"('Q', '-')",1,1,81,45
2468,2468,"('L', 'A')",1,1,76,65
2469,2469,"('A', 'P')",1,1,65,80
2470,2470,"('P', 'T')",1,1,80,84
2471,2471,"('P', 'R')",1,1,80,82
2472,2472,"('E', 'M')",1,1,69,77
2473,2473,"('I', 'E')",1,1,73,69
2474,2474,"('R', 'H')",1,1,82,72
2475,2475,"('S', 'S')",1,1,83,83
2476,2476,"('S', '.')",1,1,83,46
2477,2477,"('y', '0')",1,1,121,48
2478,2478,"('V', '6')",1,1,86,54
2479,2479,"('f', 'b')",1,1,102,98
2480,2480,"('s', '7')",1,1,115,55
2481,2481,"('7', 't')",1,1,55,116
2482,2482,"('c', '8')",1,1,99,56
2483,2483,"('-', '6')",1,1,45,54
2484,2484,"('6', 'c')",1,1,54,99
2485,2485,"('1', 'e')",1,1,49,101
2486,2486,"('J', 'o')",1,1,74,111
2487,2487,"('T', 'h')",1,1,84,104
2488,2488,"('m', 'O')",1,1,109,79
2489,2489,"('O', '.')",1,1,79,46
2490,2490,"('X', 'A')",1,1,88,65
2491,2491,"('A', 'J')",1,1,65,74
2492,2492,"('J', 'E')",1,1,74,69
2493,2493,"('O', 'R')",1,1,79,82
2494,2494,"('G', ' ')",1,1,71,32
2495,2495,"('.', 'W')",1,1,46,87
2496,2496,"('W', 'o')",1,1,87,111
2497,2497,"('k', '-')",1,1,107,45
2498,2498,"('K', 'I')",1,1,75,73
2499,2499,"('M', 'B')",1,1,77,66
2500,2500,"('L', 'S')",1,1,76,83
2501,2501,"('j', 'q')",1,1,106,113
2502,2502,"('q', 's')",1,1,113,115
2503,2503,"('D', 'e')",1,1,68,101
2504,2504,"('p', 'S')",1,1,112,83
2505,2505,"('S', 'u')",1,1,83,117
2506,2506,"('F', 'R')",1,1,70,82
2507,2507,"('E', 'E')",1,1,69,69
2508,2508,"('E', 'F')",1,1,69,70
